time,seconds_elapsed,z,y,x
1761338370268100000,0.07410009765625,-0.4118141531944275,-0.04099098965525627,0.10218396782875061
1761338370278164700,0.084164794921875,-0.43988731503486633,0.06107518821954727,0.10548894107341766
1761338370288231000,0.09423095703125,-0.4646841585636139,0.14879117906093597,0.0584060475230217
1761338370298296000,0.104296142578125,-0.48978686332702637,0.24325188994407654,-0.02467871829867363
1761338370308362000,0.114362060546875,-0.5187318921089172,0.30331867933273315,-0.1262376457452774
1761338370318427000,0.124427001953125,-0.5599778294563293,0.3203471899032593,-0.1948731690645218
1761338370328492800,0.134492919921875,-0.612483561038971,0.3368895649909973,-0.2095920890569687
1761338370338559000,0.14455908203125,-0.6569750905036926,0.31567350029945374,-0.15896566212177277
1761338370348624000,0.154623779296875,-0.6744397282600403,0.25820392370224,-0.08781381696462631
1761338370358690000,0.16468994140625,-0.6645524501800537,0.2115328013896942,-0.00732217263430357
1761338370368755000,0.1747548828125,-0.6757968664169312,0.16325463354587555,0.08355370908975601
1761338370378820900,0.18482080078125,-0.7115607261657715,0.03433207795023918,0.16882972419261932
1761338370388887000,0.194886962890625,-0.7634817957878113,-0.08079473674297333,0.2120387852191925
1761338370398952000,0.204951904296875,-0.8164739012718201,-0.08615168184041977,0.20521816611289978
1761338370409018000,0.21501806640625,-0.8657411336898804,-0.0009630387648940086,0.15052828192710876
1761338370419083000,0.2250830078125,-0.9145217537879944,0.21375592052936554,0.07049522548913956
1761338370429149000,0.23514892578125,-0.9333217144012451,0.5674195289611816,-0.025736264884471893
1761338370439214000,0.245214111328125,-0.8881020545959473,0.9551928639411926,-0.11937647312879562
1761338370449280000,0.255280029296875,-0.7732750773429871,1.284088134765625,-0.19937272369861603
1761338370459346200,0.26534619140625,-0.6398736238479614,1.5109611749649048,-0.23135754466056824
1761338370469410800,0.275410888671875,-0.5088979601860046,1.595547080039978,-0.18182173371315002
1761338370479477000,0.28547705078125,-0.43144211173057556,1.504392385482788,-0.05960128456354141
1761338370489542000,0.2955419921875,-0.43110722303390503,1.239082932472229,0.12935417890548706
1761338370499608000,0.305608154296875,-0.505901575088501,0.8628565073013306,0.33831483125686646
1761338370509673700,0.315673828125,-0.6248897910118103,0.5041800141334534,0.5234482884407043
1761338370519739000,0.32573876953125,-0.7642253637313843,0.2583657205104828,0.6605435609817505
1761338370529805000,0.33580517578125,-0.8937667608261108,0.06960974633693695,0.7456309795379639
1761338370539870000,0.345869873046875,-0.9945719838142395,-0.028530139476060867,0.7762085795402527
1761338370549936000,0.35593603515625,-1.0421382188796997,-0.030117707327008247,0.7499752044677734
1761338370560001800,0.366001708984375,-1.0257949829101562,0.030687853693962097,0.6948160529136658
1761338370570067000,0.37606689453125,-0.9792845845222473,0.11414509266614914,0.6185560822486877
1761338370580132900,0.3861328125,-0.9776020050048828,0.15870216488838196,0.5635151863098145
1761338370590198000,0.396197998046875,-1.068382740020752,0.17755459249019623,0.540382444858551
1761338370600264000,0.406263916015625,-1.25098717212677,0.12051340937614441,0.5337517261505127
1761338370610328800,0.416328857421875,-1.4841116666793823,-0.007472030818462372,0.4957816004753113
1761338370620395000,0.42639501953125,-1.7349841594696045,-0.08523233979940414,0.3367706537246704
1761338370630461000,0.4364609375,-1.9305983781814575,-0.029374010860919952,0.02456667087972164
1761338370640526000,0.446526123046875,-1.9273661375045776,0.059609122574329376,-0.37226298451423645
1761338370650591700,0.456591796875,-1.7515367269515991,0.15607446432113647,-0.8067019581794739
1761338370660657000,0.466656982421875,-1.5074434280395508,0.18716208636760712,-1.1964677572250366
1761338370670723000,0.47672314453125,-1.2301013469696045,0.0994478091597557,-1.4701145887374878
1761338370680789000,0.4867890625,-0.9825286269187927,-0.03738008439540863,-1.6283478736877441
1761338370690854000,0.49685400390625,-0.8405243754386902,-0.22365857660770416,-1.6708115339279175
1761338370700919800,0.506919921875,-0.8244112133979797,-0.4521862864494324,-1.605311393737793
1761338370710985000,0.51698486328125,-0.8831273317337036,-0.7098985314369202,-1.4837896823883057
1761338370721051000,0.52705078125,-0.964625358581543,-0.989582896232605,-1.3333535194396973
1761338370731116000,0.537115966796875,-1.028999924659729,-1.2571898698806763,-1.1682164669036865
1761338370741182000,0.547181884765625,-1.0669678449630737,-1.460740327835083,-0.9998338222503662
1761338370751248000,0.557247802734375,-1.1283485889434814,-1.5278159379959106,-0.8353325128555298
1761338370761313000,0.56731298828125,-1.2084304094314575,-1.3629950284957886,-0.6661856174468994
1761338370771379000,0.57737890625,-1.2494111061096191,-1.0123199224472046,-0.4067878723144531
1761338370781443800,0.58744384765625,-1.1711061000823975,-0.4550074636936188,-0.12481798231601715
1761338370791509800,0.597509765625,-0.9095271825790405,0.12653619050979614,0.029950173571705818
1761338370801576000,0.607575927734375,-0.5338707566261292,0.5070323944091797,0.03417767584323883
1761338370811641000,0.61764111328125,-0.11438615620136261,0.5045685172080994,-0.22219225764274597
1761338370821707000,0.62770703125,0.08395463228225708,0.06905455887317657,-0.676150918006897
1761338370831772000,0.63777197265625,-0.008878188207745552,-0.27775144577026367,-0.8307434320449829
1761338370841837800,0.647837890625,-0.15003184974193573,-0.40806683897972107,-0.5527229905128479
1761338370851904000,0.657904052734375,-0.24983952939510345,-0.4725918471813202,-0.14104986190795898
1761338370861969000,0.667968994140625,-0.3226969838142395,-0.47922205924987793,0.18494635820388794
1761338370872035000,0.67803515625,-0.41850045323371887,-0.5418896675109863,0.35650700330734253
1761338370882100000,0.688099853515625,-0.5348284244537354,-0.570766031742096,0.5285941362380981
1761338370892166000,0.698165771484375,-0.6702216267585754,-0.487699955701828,0.6420918107032776
1761338370902231000,0.70823095703125,-0.8645530343055725,-0.3727496564388275,0.6524824500083923
1761338370912297000,0.718296875,-1.0385093688964844,-0.1626477986574173,0.5931800007820129
1761338370922363100,0.728363037109375,-1.1308398246765137,0.05248128995299339,0.48639950156211853
1761338370932427800,0.738427734375,-1.060014009475708,0.149075448513031,0.35899752378463745
1761338370942494000,0.748493896484375,-0.957705557346344,0.21200089156627655,0.18572881817817688
1761338370952559000,0.75855908203125,-0.8770467638969421,0.27190977334976196,0.005252056755125523
1761338370962624800,0.768624755859375,-0.8446598052978516,0.30220404267311096,-0.15352560579776764
1761338370972691000,0.77869091796875,-0.8483933210372925,0.3049348294734955,-0.26951348781585693
1761338370982755800,0.788755859375,-0.8848008513450623,0.2851206660270691,-0.3398110866546631
1761338370992822000,0.798822021484375,-0.9508394598960876,0.2938716411590576,-0.36456865072250366
1761338371002886700,0.80888671875,-1.0117251873016357,0.35334402322769165,-0.3391610383987427
1761338371012952800,0.818952880859375,-1.0007915496826172,0.5475581288337708,-0.30960309505462646
1761338371023018000,0.82901806640625,-0.8802225589752197,0.9453830122947693,-0.2901180684566498
1761338371033084000,0.839083984375,-0.686173141002655,1.4230409860610962,-0.3045373558998108
1761338371043149800,0.84914990234375,-0.4398201107978821,1.7773919105529785,-0.3538447320461273
1761338371053214700,0.859214599609375,-0.3162901699542999,2.009416103363037,-0.31364905834198
1761338371063281000,0.869281005859375,-0.3273782432079315,2.009570837020874,-0.12762990593910217
1761338371073345800,0.879345703125,-0.480439692735672,1.650833249092102,0.18056334555149078
1761338371083412000,0.889411865234375,-0.7215242385864258,1.077140212059021,0.49805739521980286
1761338371093477600,0.8994775390625,-0.9826266169548035,0.7210937738418579,0.6985984444618225
1761338371103542800,0.909542724609375,-1.1936231851577759,0.6030185222625732,0.7866779565811157
1761338371113609000,0.91960888671875,-1.2893379926681519,0.530685544013977,0.8053154945373535
1761338371123673900,0.929673828125,-1.263765573501587,0.4847484230995178,0.8814848065376282
1761338371133739800,0.93973974609375,-1.128006935119629,0.4928610920906067,1.0804634094238281
1761338371143805700,0.9498056640625,-0.9063425660133362,0.500307559967041,1.3523128032684326
1761338371153870800,0.959870849609375,-0.6188392043113708,0.5272048711776733,1.6256028413772583
1761338371163936800,0.969936767578125,-0.3449282646179199,0.6263679265975952,1.8315677642822266
1761338371174002000,0.980001953125,-0.15694063901901245,0.8253357410430908,1.9804261922836304
1761338371184067800,0.99006787109375,-0.5373103618621826,-1.0858708620071411,2.023294448852539
1761338371194132700,1.0001328125,-0.6648187041282654,-0.7824897170066833,2.0158417224884033
1761338371204199000,1.010198974609375,-0.07831395417451859,0.6847066879272461,1.9317876100540161
1761338371214264800,1.020264892578125,0.47651156783103943,2.040853977203369,1.8325282335281372
1761338371224329700,1.030329833984375,0.6890645623207092,2.738269090652466,1.7360107898712158
1761338371234395600,1.040395751953125,0.5578396320343018,2.275250196456909,1.6893757581710815
1761338371244460800,1.050460693359375,0.1830066293478012,1.64740788936615,1.902352213859558
1761338371254527000,1.06052685546875,-0.2854958176612854,1.3255161046981812,2.079852819442749
1761338371264593000,1.070593017578125,-0.8150376677513123,0.6548601984977722,2.1386497020721436
1761338371274657800,1.08065771484375,-1.3588974475860596,0.24294579029083252,2.138920545578003
1761338371284723700,1.0907236328125,-1.7937085628509521,-0.03762806951999664,2.0110905170440674
1761338371294788900,1.100788818359375,-2.1224842071533203,-0.45068249106407166,1.7790212631225586
1761338371304854800,1.110854736328125,-2.293652057647705,-0.5247042775154114,1.5080620050430298
1761338371314921000,1.1209208984375,-2.3882243633270264,-0.3985535204410553,1.2606667280197144
1761338371324985900,1.13098583984375,-2.397050380706787,-0.48665621876716614,0.9600224494934082
1761338371335051800,1.1410517578125,-2.3021085262298584,-0.6524624228477478,0.6405176520347595
1761338371345117000,1.151116943359375,-2.0748002529144287,-0.9205905199050903,0.2745811939239502
1761338371355182800,1.161182861328125,-1.8634144067764282,-1.0600498914718628,-0.05060258135199547
1761338371365247700,1.171247802734375,-1.6572684049606323,-1.094353437423706,-0.2858177423477173
1761338371375313700,1.181313720703125,-1.4775581359863281,-1.096299648284912,-0.3784466087818146
1761338371385379800,1.1913798828125,-1.3762288093566895,-1.0258935689926147,-0.344385027885437
1761338371395445000,1.201445068359375,-1.4259417057037354,-1.0506025552749634,-0.26233914494514465
1761338371405511000,1.211510986328125,-1.5472217798233032,-1.0370508432388306,-0.18687741458415985
1761338371415575800,1.221575927734375,-1.7328251600265503,-0.9418522119522095,-0.128957599401474
1761338371425641700,1.231641845703125,-1.993778944015503,-0.8235082626342773,-0.05953485518693924
1761338371435707000,1.241706787109375,-2.2125468254089355,-0.7989280223846436,0.07602198421955109
1761338371445772800,1.251772705078125,-2.340136766433716,-0.8794513940811157,0.276731938123703
1761338371455839000,1.2618388671875,-2.436389684677124,-0.933566153049469,0.6082459092140198
1761338371465903900,1.27190380859375,-2.583122730255127,-0.9584096670150757,0.8894969820976257
1761338371475969800,1.2819697265625,-2.708531379699707,-0.7265253067016602,1.094710111618042
1761338371486035000,1.292034912109375,-2.881981134414673,-0.23657985031604767,1.3584661483764648
1761338371496100900,1.302100830078125,-3.0610854625701904,0.1382942646741867,1.6360907554626465
1761338371506166800,1.312166748046875,-3.1780083179473877,0.5052035450935364,1.758562684059143
1761338371516231700,1.322231689453125,-3.369178295135498,0.6298807263374329,1.6649283170700073
1761338371526297900,1.3322978515625,-3.485931634902954,0.516739547252655,1.320435881614685
1761338371536363000,1.342363037109375,-3.450216293334961,0.3597300350666046,0.7980577349662781
1761338371546429000,1.352428955078125,-3.2982640266418457,0.2873397171497345,0.2002428025007248
1761338371556494600,1.36249462890625,-2.8996028900146484,0.24746093153953552,-0.38263726234436035
1761338371566559700,1.372559814453125,-2.553349256515503,-0.21286512911319733,-0.9114651679992676
1761338371576626000,1.3826259765625,-2.361574649810791,-1.4109411239624023,-1.4144405126571655
1761338371586690800,1.39269091796875,-2.280261993408203,-3.0935146808624268,-1.86203134059906
1761338371596756700,1.4027568359375,-2.1716549396514893,-5.997039318084717,-2.249939203262329
1761338371606822000,1.41282177734375,-2.329695463180542,-6.846962928771973,-2.8795907497406006
1761338371616887800,1.4228876953125,-2.396821975708008,-4.331326007843018,-2.342458486557007
1761338371626953700,1.43295361328125,-2.2282021045684814,-2.300405979156494,-1.7816364765167236
1761338371637019000,1.443018798828125,-2.0301265716552734,-0.7439197301864624,-1.385698676109314
1761338371647084800,1.453084716796875,-1.9240663051605225,0.24920175969600677,-0.8394100666046143
1761338371657149700,1.463149658203125,-1.9080756902694702,-0.5916056036949158,-0.41335687041282654
1761338371667216000,1.4732158203125,-1.6948691606521606,-0.6007903218269348,0.010472956113517284
1761338371677281800,1.48328173828125,-1.2942060232162476,-0.06514090299606323,0.46255791187286377
1761338371687346700,1.4933466796875,-0.8200919032096863,0.16126346588134766,0.9195286631584167
1761338371697412600,1.50341259765625,-0.3545723259449005,0.10240128636360168,1.2987829446792603
1761338371707477800,1.513477783203125,0.049617212265729904,0.09021785855293274,1.5758237838745117
1761338371717544000,1.5235439453125,0.4019843339920044,0.05237504094839096,1.7933274507522583
1761338371727608800,1.53360888671875,0.717244029045105,-0.03234703838825226,1.9534915685653687
1761338371737674800,1.5436748046875,0.9677439332008362,-0.11730846762657166,2.040483236312866
1761338371747740700,1.55374072265625,1.1594181060791016,-0.28801044821739197,2.0742263793945312
1761338371757805800,1.563805908203125,1.2707148790359497,-0.4250785708427429,2.0288569927215576
1761338371767871700,1.573871826171875,1.3197253942489624,-0.6864478588104248,1.9602108001708984
1761338371777936600,1.5839365234375,1.295385718345642,-0.9329492449760437,1.8715147972106934
1761338371788002800,1.5940029296875,1.2277494668960571,-0.8310647010803223,1.6771069765090942
1761338371798068700,1.60406884765625,1.1330794095993042,-0.7528713941574097,1.262693166732788
1761338371808134000,1.6141337890625,1.0610835552215576,-0.8921751976013184,0.6838141083717346
1761338371818199800,1.62419970703125,1.0848548412322998,-0.9507791996002197,0.12264563143253326
1761338371828264700,1.6342646484375,1.1919280290603638,-0.920352041721344,-0.3579649329185486
1761338371838330600,1.64433056640625,1.2714900970458984,-0.820594847202301,-0.7411789298057556
1761338371848395800,1.654395751953125,1.2264249324798584,-0.6818207502365112,-0.9810727834701538
1761338371858462000,1.6644619140625,1.1295427083969116,-0.5741349458694458,-1.0594263076782227
1761338371868527900,1.67452783203125,1.0313359498977661,-0.5150119662284851,-1.0057374238967896
1761338371878592800,1.6845927734375,0.9273471832275391,-0.4453072249889374,-0.8798176646232605
1761338371888658700,1.69465869140625,0.8231134414672852,-0.3794536292552948,-0.758068859577179
1761338371898723800,1.704723876953125,0.7391909956932068,-0.3375435173511505,-0.6877627968788147
1761338371908789800,1.714789794921875,0.7174646258354187,-0.31476789712905884,-0.6363640427589417
1761338371918856000,1.72485595703125,0.7345078587532043,-0.2777116596698761,-0.6075812578201294
1761338371928920800,1.7349208984375,0.7317773103713989,-0.2515175938606262,-0.6532448530197144
1761338371938986800,1.74498681640625,0.6590188145637512,-0.3338097333908081,-0.7278081178665161
1761338371949052000,1.755052001953125,0.5691725611686707,-0.33281102776527405,-0.786919891834259
1761338371959117800,1.765117919921875,0.4823695123195648,-0.22571521997451782,-0.8742220997810364
1761338371969182700,1.7751826171875,0.24966993927955627,-0.06131348758935928,-1.2695939540863037
1761338371979248600,1.78524853515625,-0.22749543190002441,-0.36162811517715454,-1.49765145778656
1761338371989314800,1.795314697265625,-0.6423469185829163,-0.7283135056495667,-1.32557213306427
1761338371999380000,1.8053798828125,-1.0455697774887085,-0.803274929523468,-0.9980999827384949
1761338372009446000,1.81544580078125,-1.4056413173675537,-0.5744776725769043,-0.5446826815605164
1761338372019510800,1.8255107421875,-1.448675274848938,-0.3436017632484436,-0.12905767560005188
1761338372029576700,1.83557666015625,-1.0515127182006836,-0.358967125415802,0.10805075615644455
1761338372039643000,1.845642822265625,-0.5213447213172913,-0.3798525035381317,0.19330093264579773
1761338372049707800,1.855707763671875,-0.1046905368566513,-0.38787925243377686,0.17197434604167938
1761338372059774000,1.86577392578125,0.18367940187454224,-0.44564807415008545,0.14025194942951202
1761338372069838800,1.8758388671875,0.35471028089523315,-0.4927023947238922,0.17008760571479797
1761338372079904800,1.88590478515625,0.3994055390357971,-0.5126050114631653,0.289335161447525
1761338372089970000,1.895969970703125,0.37267807126045227,-0.45477551221847534,0.3872971534729004
1761338372100035800,1.906035888671875,0.29888057708740234,-0.3208076059818268,0.38915151357650757
1761338372110101800,1.916101806640625,0.23454764485359192,-0.10498476028442383,0.28336381912231445
1761338372120166700,1.926166748046875,0.18417391180992126,0.2972045838832855,0.04753446951508522
1761338372130232800,1.93623291015625,0.16677281260490417,0.5255953669548035,-0.17181545495986938
1761338372140298000,1.946298095703125,0.1842830926179886,0.46492236852645874,-0.35109275579452515
1761338372150364000,1.956364013671875,0.16112850606441498,0.24082109332084656,-0.5361947417259216
1761338372160429800,1.966429931640625,0.05071328952908516,-0.028728466480970383,-0.6980554461479187
1761338372170494700,1.97649462890625,-0.12054048478603363,-0.31364142894744873,-0.7965458035469055
1761338372180561000,1.986560791015625,-0.3405155539512634,-0.5836371183395386,-0.8061785697937012
1761338372190625800,1.996625732421875,-0.6193408370018005,-0.9781559705734253,-0.6041008234024048
1761338372200691700,2.006691650390625,-0.8797034025192261,-1.1713606119155884,-0.3431384861469269
1761338372210756900,2.0167568359375,-1.0732492208480835,-1.2096816301345825,-0.15443648397922516
1761338372220822800,2.02682275390625,-1.2050743103027344,-0.9505352973937988,-0.15223067998886108
1761338372230889000,2.036888916015625,-1.3263466358184814,-0.6579263210296631,-0.17474637925624847
1761338372240953900,2.046953857421875,-1.4072566032409668,-0.3447202742099762,-0.1914551854133606
1761338372251019800,2.057019775390625,-1.4885966777801514,-0.22167985141277313,-0.14056776463985443
1761338372261084700,2.067084716796875,-1.5650084018707275,-0.1209740936756134,-0.1022074818611145
1761338372271150800,2.07715087890625,-1.6195467710494995,-0.009012398310005665,-0.10702461004257202
1761338372281216800,2.087216796875,-1.671195387840271,0.10391164571046829,-0.16383245587348938
1761338372291281700,2.09728173828125,-1.7100893259048462,0.201484814286232,-0.2573877274990082
1761338372301347800,2.107347900390625,-1.7127631902694702,0.27215662598609924,-0.3985607326030731
1761338372311412700,2.117412841796875,-1.6938222646713257,0.32493701577186584,-0.5705159902572632
1761338372321479000,2.12747900390625,-1.6867907047271729,0.4263492822647095,-0.7468361258506775
1761338372331544800,2.137544921875,-1.680981993675232,0.5270108580589294,-0.8593205809593201
1761338372341609700,2.147609619140625,-1.6362295150756836,0.5595221519470215,-0.9468912482261658
1761338372351675600,2.157675537109375,-1.5695135593414307,0.5049156546592712,-1.0070617198944092
1761338372361740800,2.16774072265625,-1.5538759231567383,0.31772610545158386,-0.9660660624504089
1761338372371807000,2.177806884765625,-1.5320175886154175,0.2248387634754181,-0.9384328126907349
1761338372381871600,2.18787158203125,-1.4771517515182495,0.18959254026412964,-0.9404982328414917
1761338372391937800,2.197937744140625,-1.2686773538589478,0.41593194007873535,-0.985081136226654
1761338372402003700,2.208003662109375,-1.005228877067566,0.4531663656234741,-0.9558312296867371
1761338372412068900,2.21806884765625,-0.8312339186668396,0.2907172739505768,-1.0052815675735474
1761338372422134800,2.228134765625,-0.9027373194694519,0.12182646244764328,-1.002690076828003
1761338372432199700,2.23819970703125,-1.1074724197387695,0.03404601663351059,-0.9664202332496643
1761338372442265900,2.248265869140625,-1.304882287979126,0.0034746015444397926,-0.8803456425666809
1761338372452330800,2.258330810546875,-1.3872668743133545,0.06674838066101074,-0.7436485290527344
1761338372462397000,2.26839697265625,-1.3864034414291382,-0.01989559456706047,-0.6487031579017639
1761338372472462800,2.278462890625,-1.3638242483139038,-0.1790197491645813,-0.5801619291305542
1761338372482527700,2.28852783203125,-1.3220865726470947,-0.2820788323879242,-0.4984198212623596
1761338372492593700,2.29859375,-1.2940973043441772,-0.3779560923576355,-0.35818174481391907
1761338372502658800,2.308658935546875,-1.2601776123046875,-0.5174375772476196,-0.12858358025550842
1761338372512725000,2.31872509765625,-1.1926862001419067,-0.6376113891601562,0.2081659436225891
1761338372522791000,2.328791015625,-1.2054188251495361,-0.6600501537322998,0.5979730486869812
1761338372532855800,2.338855712890625,-1.258036732673645,-0.6262964606285095,0.8519160747528076
1761338372542921700,2.348921630859375,-1.2996987104415894,-0.46702006459236145,0.9026796221733093
1761338372552987000,2.35898681640625,-1.3235065937042236,-0.24461255967617035,0.811694860458374
1761338372563052800,2.369052734375,-1.263261079788208,0.16151776909828186,0.6028699278831482
1761338372573117700,2.37911767578125,-1.1331781148910522,0.6400492191314697,0.3792794346809387
1761338372583184000,2.389183837890625,-0.9323639869689941,0.8044490218162537,0.11791913211345673
1761338372593249800,2.399249755859375,-0.8001859784126282,0.9272657632827759,-0.17540116608142853
1761338372603315000,2.40931494140625,-0.7800040245056152,0.8782820701599121,-0.22237342596054077
1761338372613380900,2.419380859375,-0.7396233081817627,0.6549065113067627,-0.1616104692220688
1761338372623445800,2.42944580078125,-0.7486914992332458,0.3884153962135315,-0.090009406208992
1761338372633511700,2.43951171875,-0.7883318662643433,0.17454729974269867,0.004219088703393936
1761338372643577900,2.449577880859375,-0.7900636792182922,0.11209560185670853,0.11649467051029205
1761338372653643000,2.45964306640625,-0.7214055061340332,0.1344456523656845,0.23695610463619232
1761338372663709000,2.469708984375,-0.5902474522590637,0.07750669121742249,0.4599512815475464
1761338372673773800,2.47977392578125,-0.39307901263237,-0.008279583416879177,0.7538358569145203
1761338372683839700,2.48983984375,-0.14888933300971985,-0.12610723078250885,1.036170244216919
1761338372693906000,2.499906005859375,0.16293567419052124,-0.347023606300354,1.272667407989502
1761338372703970800,2.509970703125,0.2731817066669464,-0.5428242087364197,1.4286547899246216
1761338372714036700,2.52003662109375,0.24346216022968292,-0.799679160118103,1.5307955741882324
1761338372724102000,2.530101806640625,0.12513376772403717,-0.7420989274978638,1.3883631229400635
1761338372734167800,2.540167724609375,-0.08685091137886047,-0.46530860662460327,0.9545624256134033
1761338372744233000,2.55023291015625,-0.3839002549648285,-0.2355765700340271,0.4412590265274048
1761338372754299000,2.560298828125,-0.6930010914802551,-0.06629540026187897,-0.03697921335697174
1761338372764364800,2.57036474609375,-0.957526683807373,0.12077949196100235,-0.425140380859375
1761338372774429700,2.5804296875,-1.2844421863555908,0.177322119474411,-0.7509861588478088
1761338372784495900,2.590495849609375,-1.581101417541504,0.2144901007413864,-0.9737918972969055
1761338372794561000,2.60056103515625,-1.8153120279312134,0.2833290994167328,-1.074937343597412
1761338372804626700,2.610626708984375,-1.9541616439819336,0.29410308599472046,-1.1041122674942017
1761338372814692600,2.620692626953125,-1.971182107925415,0.3545970618724823,-1.1497907638549805
1761338372824757800,2.6307578125,-1.8961116075515747,0.42510396242141724,-1.2031264305114746
1761338372834824000,2.640823974609375,-1.8055915832519531,0.319659024477005,-1.1260788440704346
1761338372844888800,2.650888916015625,-1.7055959701538086,0.19624647498130798,-0.8786426186561584
1761338372854954800,2.660954833984375,-1.5751887559890747,0.19220060110092163,-0.5490801334381104
1761338372865020000,2.67102001953125,-1.409441351890564,0.27843689918518066,-0.2054983377456665
1761338372875085800,2.6810859375,-1.259184718132019,0.3996639847755432,0.02115051820874214
1761338372885151700,2.69115185546875,-1.1354963779449463,0.5405934453010559,0.06977006047964096
1761338372895216600,2.701216552734375,-1.0170509815216064,0.5323067307472229,0.16220945119857788
1761338372905282800,2.71128271484375,-0.9371708631515503,0.4603918492794037,0.28196442127227783
1761338372915347700,2.72134765625,-0.8668596744537354,0.3570984899997711,0.3459359407424927
1761338372925414000,2.731413818359375,-0.778657853603363,0.2650594413280487,0.3566502630710602
1761338372935479800,2.741479736328125,-0.7244324088096619,0.23368367552757263,0.2897719144821167
1761338372945544700,2.751544677734375,-0.6926177740097046,0.2070653736591339,0.17217256128787994
1761338372955611000,2.76161083984375,-0.7007177472114563,0.19494986534118652,0.005840044002979994
1761338372965675300,2.77167529296875,-0.7351820468902588,0.17492571473121643,-0.17671135067939758
1761338372975741400,2.781741455078125,-0.7813633680343628,0.17343488335609436,-0.3470357060432434
1761338372985806600,2.791806640625,-0.8365282416343689,0.1792210340499878,-0.4685122072696686
1761338372995872300,2.801872314453125,-0.8893397450447083,0.16350865364074707,-0.5533072352409363
1761338373005938200,2.811938232421875,-0.9472082853317261,0.110806904733181,-0.5821065306663513
1761338373016003300,2.82200341796875,-0.9958280324935913,0.05593940243124962,-0.5731236934661865
1761338373026069500,2.832069580078125,-1.0510309934616089,0.00922165997326374,-0.508140504360199
1761338373036134100,2.842134033203125,-1.1126784086227417,-0.040987446904182434,-0.42131903767585754
1761338373046200300,2.852200439453125,-1.1879265308380127,-0.06967699527740479,-0.3363519310951233
1761338373056266200,2.862266357421875,-1.2667840719223022,-0.07725608348846436,-0.2711670696735382
1761338373066331400,2.872331298828125,-1.3566597700119019,-0.09759940952062607,-0.2339104264974594
1761338373076397300,2.882397216796875,-1.4518775939941406,-0.14067710936069489,-0.20037990808486938
1761338373086462200,2.892462158203125,-1.5235788822174072,-0.1834966242313385,-0.17042788863182068
1761338373096528400,2.9025283203125,-1.5690046548843384,-0.24484945833683014,-0.134089857339859
1761338373106593300,2.91259326171875,-1.600497841835022,-0.3049391806125641,-0.07601731270551682
1761338373116659500,2.922659423828125,-1.6244235038757324,-0.3410327434539795,-0.0016879509203135967
1761338373126725400,2.932725341796875,-1.6274325847625732,-0.34105271100997925,0.0890858918428421
1761338373136790300,2.942790283203125,-1.5893871784210205,-0.3510584831237793,0.2030249834060669
1761338373146856200,2.952856201171875,-1.5210179090499878,-0.3869602084159851,0.358521044254303
1761338373156921300,2.96292138671875,-1.415273904800415,-0.40805670619010925,0.544555127620697
1761338373166987500,2.972987548828125,-1.2618550062179565,-0.38364964723587036,0.7357217669487
1761338373177053400,2.983053466796875,-1.1585255861282349,-0.41592663526535034,0.8747459650039673
1761338373187118300,2.993118408203125,-1.0786030292510986,-0.388896107673645,0.9587640762329102
1761338373197184300,3.003184326171875,-1.071975827217102,-0.1810654103755951,0.943451464176178
1761338373207249400,3.01324951171875,-0.9967231154441833,0.10255632549524307,0.8707216382026672
1761338373217315300,3.0233154296875,-0.8430134654045105,0.5273960828781128,0.6355541348457336
1761338373227380200,3.033380126953125,-0.6773813366889954,0.9590669870376587,0.2269943356513977
1761338373237446400,3.0434462890625,-0.5040574669837952,1.397577166557312,-0.1726052612066269
1761338373247512300,3.05351220703125,-0.36267542839050293,1.5156530141830444,-0.4788273870944977
1761338373257577500,3.063577392578125,-0.3082877993583679,1.063551902770996,-0.4822966754436493
1761338373267643400,3.073643310546875,-0.2853040397167206,0.4083481729030609,-0.38006582856178284
1761338373277708300,3.083708251953125,-0.2712167203426361,-0.264936238527298,-0.23606234788894653
1761338373287774200,3.093774169921875,-0.2823105752468109,-0.7596774101257324,-0.07594940066337585
1761338373297840400,3.10384033203125,-0.28291112184524536,-0.9384918808937073,0.06168303266167641
1761338373307905500,3.113905517578125,-0.2509949207305908,-0.8038791418075562,0.10858597606420517
1761338373317971500,3.123971435546875,-0.2561294734477997,-0.7077922821044922,0.29582858085632324
1761338373328036400,3.134036376953125,-0.36898478865623474,-0.6947529315948486,0.8689947128295898
1761338373338102300,3.144102294921875,-0.43463385105133057,-0.6116878390312195,1.4217300415039062
1761338373348167400,3.15416748046875,-0.41898107528686523,-0.5682632923126221,1.7463473081588745
1761338373358233300,3.1642333984375,-0.37524664402008057,-0.44903942942619324,1.8752360343933105
1761338373368299300,3.17429931640625,-0.3381878733634949,-0.33261990547180176,1.793293833732605
1761338373378364400,3.184364501953125,-0.30511781573295593,-0.1619592308998108,1.5964771509170532
1761338373388430300,3.194430419921875,-0.2559017837047577,-0.011251045390963554,1.2945607900619507
1761338373398495500,3.20449560546875,-0.17472943663597107,0.12844958901405334,0.918851375579834
1761338373408561400,3.2145615234375,-0.06967911869287491,0.3309725821018219,0.48111018538475037
1761338373418627300,3.22462744140625,-0.010688237845897675,0.648703932762146,0.07529771327972412
1761338373428692200,3.234692138671875,-0.022207044064998627,0.9004157185554504,-0.3130147457122803
1761338373438758400,3.24475830078125,-0.09970875829458237,1.0103813409805298,-0.6356271505355835
1761338373448823600,3.254823486328125,-0.21192485094070435,1.0345168113708496,-0.8614679574966431
1761338373458889200,3.26488916015625,-0.33289840817451477,0.99195796251297,-0.9930459260940552
1761338373468954400,3.274954345703125,-0.45461609959602356,0.8692685961723328,-1.0709353685379028
1761338373479020300,3.285020263671875,-0.569458544254303,0.6663011312484741,-1.1095613241195679
1761338373489086500,3.29508642578125,-0.6679969429969788,0.4319305419921875,-1.1413328647613525
1761338373499151400,3.3051513671875,-0.7720357775688171,0.12362144887447357,-1.1403107643127441
1761338373509217300,3.31521728515625,-0.8398740887641907,-0.24404944479465485,-1.056689739227295
1761338373519282400,3.325282470703125,-0.8502079248428345,-0.5121411085128784,-0.9441462755203247
1761338373529348400,3.335348388671875,-0.792805016040802,-0.6013063788414001,-0.7961310148239136
1761338373539414500,3.34541455078125,-0.692836582660675,-0.5507646799087524,-0.6362438797950745
1761338373549479200,3.355479248046875,-0.5875152349472046,-0.40774938464164734,-0.5022349953651428
1761338373559545300,3.36554541015625,-0.4361369013786316,-0.20199912786483765,-0.4004207253456116
1761338373569610200,3.3756103515625,-0.3091181814670563,0.027208775281906128,-0.32466045022010803
1761338373579676400,3.385676513671875,-0.27130022644996643,0.20585042238235474,-0.27719011902809143
1761338373589741600,3.395741455078125,-0.2999284863471985,0.32069236040115356,-0.24927587807178497
1761338373599807200,3.40580712890625,-0.3499511778354645,0.3765111565589905,-0.25055205821990967
1761338373609873400,3.415873291015625,-0.39736729860305786,0.34895026683807373,-0.3172718584537506
1761338373619938300,3.425938232421875,-0.41922441124916077,0.2621850073337555,-0.43409594893455505
1761338373630004500,3.43600439453125,-0.42306071519851685,0.15430621802806854,-0.5746274590492249
1761338373640069000,3.446069091796875,-0.4042571783065796,0.05602811649441719,-0.704986035823822
1761338373650135300,3.45613525390625,-0.37211254239082336,-0.011954969726502895,-0.7951580882072449
1761338373660201200,3.466201171875,-0.38291245698928833,-0.03295985609292984,-0.7834593057632446
1761338373670266400,3.476266357421875,-0.3318418264389038,-0.08999794721603394,-0.7025948166847229
1761338373680332500,3.48633251953125,-0.2505597472190857,-0.07921107858419418,-0.5809977650642395
1761338373690397200,3.496397216796875,-0.1448078602552414,-0.0226951502263546,-0.44975098967552185
1761338373700463400,3.50646337890625,-0.045040518045425415,0.010452416725456715,-0.3671852648258209
1761338373710528300,3.5165283203125,0.0279570072889328,0.043096017092466354,-0.3455398678779602
1761338373720594400,3.526594482421875,0.05545228347182274,0.06342818588018417,-0.3430226445198059
1761338373730660400,3.536660400390625,0.045927733182907104,0.03970521688461304,-0.3458139896392822
1761338373740725200,3.546725341796875,0.026266947388648987,0.003345077857375145,-0.3139553964138031
1761338373750791400,3.55679150390625,-0.00588644202798605,-0.00857666414231062,-0.25648006796836853
1761338373760856300,3.566856201171875,-0.032003000378608704,-0.0010036993771791458,-0.20313668251037598
1761338373770922500,3.576922607421875,-0.05853360891342163,0.0016559585928916931,-0.18293002247810364
1761338373780988400,3.586988525390625,-0.0648527592420578,0.01951165497303009,-0.1904534548521042
1761338373791053300,3.59705322265625,-0.006162728648632765,0.035814691334962845,-0.17030352354049683
1761338373801119200,3.607119140625,0.1121218353509903,-0.03701477497816086,-0.06699817627668381
1761338373811184400,3.617184326171875,0.14932513236999512,-0.22581957280635834,0.11420037597417831
1761338373821250600,3.62725048828125,0.013638939708471298,-0.31371453404426575,0.161342054605484
1761338373831315200,3.637315185546875,-0.1386188566684723,-0.3103036880493164,0.0744553804397583
1761338373841381400,3.64738134765625,-0.33548933267593384,-0.2564502954483032,-0.01622552052140236
1761338373851447300,3.657447265625,-0.4764988124370575,-0.15837475657463074,0.007060873322188854
1761338373861512400,3.667512451171875,-0.5944105386734009,-0.10134263336658478,0.05948066711425781
1761338373871578400,3.677578369140625,-0.685268223285675,-0.05689436197280884,0.11728213727474213
1761338373881643300,3.687643310546875,-0.7518230080604553,0.07477179169654846,0.18259377777576447
1761338373891709400,3.69770947265625,-0.7763990163803101,0.2533941864967346,0.2113903909921646
1761338373901775400,3.707775390625,-0.7640747427940369,0.46779170632362366,0.14069359004497528
1761338373911840500,3.717840576171875,-0.6587882041931152,0.6645260453224182,-0.0020790998823940754
1761338373921906400,3.727906494140625,-0.48791980743408203,0.7071086764335632,-0.13888515532016754
1761338373931971300,3.737971435546875,-0.28792157769203186,0.4769202172756195,-0.21623952686786652
1761338373942037200,3.748037353515625,-0.1182720735669136,0.13733229041099548,-0.17382283508777618
1761338373952103400,3.758103515625,0.013792071491479874,-0.19796450436115265,-0.02019444853067398
1761338373962168600,3.76816845703125,0.08383427560329437,-0.4283710718154907,0.21108564734458923
1761338373972235300,3.7782353515625,0.07293743640184402,-0.5540234446525574,0.3892665207386017
1761338373982300200,3.788300048828125,0.06603238731622696,-0.645058810710907,0.5124334692955017
1761338373992366000,3.798365966796875,0.10060511529445648,-0.6787026524543762,0.6013350486755371
1761338374002431200,3.80843115234375,0.16245943307876587,-0.5755048990249634,0.6245524883270264
1761338374012497200,3.8184970703125,0.27329739928245544,-0.35501617193222046,0.6387573480606079
1761338374022563300,3.828563232421875,0.42733731865882874,-0.08122431486845016,0.6358803510665894
1761338374032628000,3.8386279296875,0.5846915245056152,0.2522266209125519,0.5945305228233337
1761338374042694100,3.848694091796875,0.7489649057388306,0.549780547618866,0.5580736994743347
1761338374052759300,3.85875927734375,0.8849292993545532,0.7360805869102478,0.5531600117683411
1761338374062825200,3.8688251953125,0.988788366317749,0.7858740091323853,0.5785122513771057
1761338374072891000,3.878890869140625,1.0611276626586914,0.7028197050094604,0.6334599852561951
1761338374082956000,3.8889560546875,1.1305339336395264,0.4951198399066925,0.725519597530365
1761338374093022200,3.899022216796875,1.1611121892929077,0.19472713768482208,0.8408634066581726
1761338374103087000,3.909087158203125,1.0916955471038818,-0.041433725506067276,0.8601443767547607
1761338374113153300,3.9191533203125,0.9483804106712341,-0.11478038132190704,0.7089700698852539
1761338374123218200,3.92921826171875,0.7555257081985474,-0.08674687892198563,0.4593144357204437
1761338374133284000,3.9392841796875,0.5315280556678772,-0.07755721360445023,0.18452204763889313
1761338374143350000,3.94935009765625,0.33546027541160583,-0.10965736210346222,-0.056160856038331985
1761338374153415200,3.959415283203125,0.16723227500915527,-0.17640893161296844,-0.23756520450115204
1761338374163481000,3.969481201171875,0.030268298462033272,-0.22854669392108917,-0.3680877983570099
1761338374173546000,3.9795458984375,-0.0836184024810791,-0.28448858857154846,-0.41986167430877686
1761338374183612200,3.989612060546875,-0.1626647561788559,-0.32748666405677795,-0.3947578966617584
1761338374193677300,3.99967724609375,-0.19336524605751038,-0.32978904247283936,-0.28681880235671997
1761338374203743200,4.0097431640625,-0.16480976343154907,-0.26538872718811035,-0.10217650979757309
1761338374213808000,4.01980810546875,-0.08515451848506927,-0.17133556306362152,0.12284684926271439
1761338374223874000,4.0298740234375,0.008114708587527275,-0.10205929726362228,0.30366241931915283
1761338374233940200,4.039940185546875,0.09306014329195023,-0.034424927085638046,0.39692673087120056
1761338374244005000,4.050005126953125,0.17096346616744995,0.0337970033288002,0.3966452479362488
1761338374254071000,4.060071044921875,0.22202108800411224,0.07796148955821991,0.3330349922180176
1761338374264136200,4.07013623046875,0.24418765306472778,0.0920536071062088,0.22631360590457916
1761338374274202000,4.0802021484375,0.23727700114250183,0.10041224956512451,0.10301867127418518
1761338374284268000,4.09026806640625,0.23647671937942505,0.10497797280550003,-0.029365727677941322
1761338374294333200,4.100333251953125,0.23266150057315826,0.09096310287714005,-0.15798522531986237
1761338374304399000,4.110399169921875,0.21876539289951324,0.05127348750829697,-0.25791797041893005
1761338374314464000,4.120464111328125,0.21001380681991577,0.001138482242822647,-0.33651861548423767
1761338374324530200,4.1305302734375,0.19757764041423798,-0.05425899475812912,-0.3682035803794861
1761338374334595300,4.14059521484375,0.1756296008825302,-0.11303654313087463,-0.3586589992046356
1761338374344661000,4.150660888671875,0.16013959050178528,-0.15266597270965576,-0.31829825043678284
1761338374354727000,4.160726806640625,0.1330273300409317,-0.1817805916070938,-0.25514939427375793
1761338374364792000,4.1707919921875,0.0811803787946701,-0.201880544424057,-0.1796618402004242
1761338374374858200,4.180858154296875,0.011080373078584671,-0.18919602036476135,-0.12502624094486237
1761338374384923100,4.190923095703125,-0.06991008669137955,-0.16242991387844086,-0.09161342680454254
1761338374394989000,4.200989013671875,-0.1622612029314041,-0.12294110655784607,-0.08490847051143646
1761338374405055000,4.211054931640625,-0.25163182616233826,-0.06539899110794067,-0.10888064652681351
1761338374415120100,4.2211201171875,-0.33167263865470886,-0.006217707879841328,-0.1195942759513855
1761338374425186000,4.23118603515625,-0.3919745683670044,0.040274426341056824,-0.10779806971549988
1761338374435251000,4.2412509765625,-0.44269120693206787,0.06902214884757996,-0.08745798468589783
1761338374445317000,4.251317138671875,-0.5028642416000366,0.08964008092880249,-0.06917831301689148
1761338374455383000,4.261383056640625,-0.5448120832443237,0.08781489729881287,-0.03382507711648941
1761338374465448200,4.2714482421875,-0.5451790690422058,0.06130792200565338,0.03395929932594299
1761338374475514000,4.28151416015625,-0.502557635307312,0.020058970898389816,0.12153612077236176
1761338374485579000,4.2915791015625,-0.4365953505039215,-0.00819956324994564,0.22517035901546478
1761338374495645000,4.30164501953125,-0.3748035132884979,-0.0301332026720047,0.33036404848098755
1761338374505710000,4.3117099609375,-0.3284064531326294,-0.06857620179653168,0.4165157079696655
1761338374515776300,4.3217763671875,-0.27807241678237915,-0.14660048484802246,0.5157849192619324
1761338374525842200,4.33184228515625,-0.21664206683635712,-0.22980108857154846,0.6478872895240784
1761338374535907000,4.341906982421875,-0.17760054767131805,-0.35225486755371094,0.8152728080749512
1761338374545973000,4.351972900390625,-0.1848539412021637,-0.4103008508682251,0.9299644827842712
1761338374556038100,4.3620380859375,-0.2041347473859787,-0.2465835064649582,0.863623321056366
1761338374566104000,4.37210400390625,-0.17894017696380615,0.06188990920782089,0.7146096229553223
1761338374576170200,4.382170166015625,-0.15064820647239685,0.4496312737464905,0.46539559960365295
1761338374586235100,4.392235107421875,-0.09188875555992126,0.8629909157752991,0.09310965985059738
1761338374596301000,4.402301025390625,0.020960569381713867,1.2164064645767212,-0.310179740190506
1761338374606366200,4.4123662109375,0.17158469557762146,1.3761156797409058,-0.6534467935562134
1761338374616432000,4.42243212890625,0.2820979952812195,1.2325698137283325,-0.8534659743309021
1761338374626498300,4.432498291015625,0.33843743801116943,0.8267046213150024,-0.9900200963020325
1761338374636563000,4.44256298828125,0.3613553047180176,0.36171385645866394,-1.019932508468628
1761338374646629000,4.452629150390625,0.3537815511226654,0.062748983502388,-0.9094944596290588
1761338374656695000,4.462695068359375,0.30590417981147766,-0.09056629240512848,-0.6704508066177368
1761338374666760200,4.47276025390625,0.23966680467128754,-0.2486906796693802,-0.2207840532064438
1761338374676826000,4.482826171875,0.14572131633758545,-0.26856809854507446,0.33910858631134033
1761338374686891000,4.49289111328125,0.04809916019439697,-0.3017367124557495,0.8652669191360474
1761338374696957200,4.502957275390625,0.026306796818971634,-0.31879186630249023,1.2318670749664307
1761338374707023000,4.513023193359375,0.03638366609811783,-0.2833947241306305,1.4711400270462036
1761338374717088300,4.523088134765625,0.05822478607296944,-0.2739793658256531,1.571071982383728
1761338374727154000,4.53315380859375,0.10945707559585571,-0.3148314654827118,1.502640962600708
1761338374737219000,4.543218994140625,0.21962390840053558,-0.3431360125541687,1.2745054960250854
1761338374747285200,4.55328515625,0.3515539765357971,-0.29159238934516907,0.9607256650924683
1761338374757350100,4.56335009765625,0.5039314031600952,-0.1180998831987381,0.5953356027603149
1761338374767416000,4.573416015625,0.6901808977127075,0.08438877761363983,0.17720681428909302
1761338374777482000,4.58348193359375,0.8766573071479797,0.4121626317501068,-0.234352245926857
1761338374787547100,4.593547119140625,1.0300188064575195,0.7734028100967407,-0.5889254808425903
1761338374797613000,4.603613037109375,1.0998340845108032,0.9577246904373169,-0.8179830312728882
1761338374807678200,4.61367822265625,1.0817922353744507,0.9200652241706848,-0.8998603224754333
1761338374817744100,4.623744140625,1.0539482831954956,0.7763611674308777,-0.8125118613243103
1761338374827810000,4.63381005859375,1.0367213487625122,0.6177363991737366,-0.6344217658042908
1761338374837875200,4.643875244140625,1.044524073600769,0.4491106867790222,-0.4516429901123047
1761338374847941000,4.653941162109375,1.0587011575698853,0.3099091351032257,-0.46771863102912903
1761338374858006000,4.664006103515625,1.0469781160354614,0.20845071971416473,-0.6518271565437317
1761338374868072000,4.674072021484375,1.063317060470581,0.30731043219566345,-1.0343865156173706
1761338374878138000,4.68413818359375,0.9969516396522522,0.36634474992752075,-1.4683033227920532
1761338374888203300,4.694203369140625,0.8438504934310913,0.12418538331985474,-1.7210540771484375
1761338374898269200,4.704269287109375,0.6858962178230286,-0.16652390360832214,-1.7540541887283325
1761338374908334000,4.714333984375,0.6261239647865295,-0.25169578194618225,-1.522674322128296
1761338374918400000,4.72439990234375,0.6631197929382324,-0.2047882229089737,-1.0916041135787964
1761338374928465200,4.734465087890625,0.7453927993774414,-0.06105928122997284,-0.5439581274986267
1761338374938531000,4.744531005859375,0.8800849318504333,0.037656236439943314,-0.0026280470192432404
1761338374948597200,4.75459716796875,1.0760666131973267,0.01083021704107523,0.4279251992702484
1761338374958662100,4.764662109375,1.231864333152771,-0.07415559887886047,0.7430347800254822
1761338374968727300,4.774727294921875,1.2470043897628784,-0.16371877491474152,0.9321666359901428
1761338374978792400,4.78479248046875,1.1514166593551636,-0.1697188764810562,0.8954027891159058
1761338374988858400,4.7948583984375,1.0425732135772705,-0.16214270889759064,0.7112140655517578
1761338374998924300,4.80492431640625,0.9604841470718384,-0.13324029743671417,0.4780820608139038
1761338375008989400,4.814989501953125,0.9031883478164673,-0.1698041707277298,0.20909668505191803
1761338375019055400,4.825055419921875,0.8509573340415955,-0.14661987125873566,-0.027604779228568077
1761338375029120500,4.83512060546875,0.7990944385528564,-0.08856882154941559,-0.21166037023067474
1761338375039186200,4.845186279296875,0.7566972374916077,-0.05308729410171509,-0.37624645233154297
1761338375049252400,4.85525244140625,0.740383505821228,-0.011439982801675797,-0.5134509205818176
1761338375059317200,4.865317138671875,0.7186499238014221,0.005346223711967468,-0.599968671798706
1761338375069383400,4.875383544921875,0.691168487071991,-0.010558439418673515,-0.6209509372711182
1761338375079448600,4.885448486328125,0.6755790114402771,0.011374054476618767,-0.6180583834648132
1761338375089514200,4.89551416015625,0.6647250652313232,-0.027491584420204163,-0.5543563961982727
1761338375099579400,4.905579345703125,0.6479642391204834,-0.0916479304432869,-0.4307441711425781
1761338375109645300,4.915645263671875,0.64963698387146,-0.1178654208779335,-0.30680251121520996
1761338375119711500,4.92571142578125,0.6758389472961426,-0.07465573400259018,-0.22112005949020386
1761338375129776000,4.935776123046875,0.7115620970726013,-0.03933662921190262,-0.14206278324127197
1761338375139842300,4.94584228515625,0.7474223375320435,-0.040936507284641266,-0.07088498026132584
1761338375149907500,4.955907470703125,0.7939637303352356,-0.06017784774303436,-0.012426999397575855
1761338375159973400,4.965973388671875,0.8436559438705444,-0.09940572082996368,0.024617493152618408
1761338375170039300,4.976039306640625,0.8551363348960876,-0.20527727901935577,0.07251417636871338
1761338375180104200,4.986104248046875,0.8207491636276245,-0.32757702469825745,0.1268225759267807
1761338375190170400,4.99617041015625,0.754662811756134,-0.43400707840919495,0.18032735586166382
1761338375200235300,5.0062353515625,0.6820693016052246,-0.5324253439903259,0.2036733776330948
1761338375210301400,5.016301513671875,0.6746127605438232,-0.5940104126930237,0.2222292274236679
1761338375220366300,5.026366455078125,0.6712201833724976,-0.665515661239624,0.21567568182945251
1761338375230432300,5.036432373046875,0.7469639778137207,-0.7254219055175781,0.25287896394729614
1761338375240498400,5.04649853515625,0.9130486249923706,-0.7372300028800964,0.3254026770591736
1761338375250563300,5.056563232421875,0.9861994981765747,-0.7208462357521057,0.31515800952911377
1761338375260629500,5.06662939453125,0.9291205406188965,-0.573245644569397,0.16505633294582367
1761338375270694100,5.076694091796875,0.9585221409797668,-0.18074572086334229,-0.15235145390033722
1761338375280760300,5.08676025390625,0.9797376394271851,0.18829621374607086,-0.5651139616966248
1761338375290826200,5.096826171875,0.8995890617370605,0.18221834301948547,-0.9147433638572693
1761338375300891400,5.106891357421875,0.7818469405174255,-0.09464600682258606,-1.0729236602783203
1761338375310957300,5.116957275390625,0.7034152150154114,-0.3619607985019684,-1.0966072082519531
1761338375321022200,5.127022216796875,0.684926450252533,-0.4596562683582306,-1.005650281906128
1761338375331088400,5.13708837890625,0.6992936730384827,-0.4301218092441559,-0.7064094543457031
1761338375341154300,5.147154296875,0.7235926389694214,-0.4248960316181183,-0.15927426517009735
1761338375351219500,5.157219482421875,0.8020597696304321,-0.5353665947914124,0.510829746723175
1761338375361285400,5.167285400390625,0.9565526247024536,-0.8458611369132996,1.1017974615097046
1761338375371350300,5.177350341796875,1.0656386613845825,-1.0326498746871948,1.4978536367416382
1761338375381416400,5.18741650390625,1.0900143384933472,-1.0209060907363892,1.7088814973831177
1761338375391481300,5.1974814453125,1.1015554666519165,-0.9873326420783997,1.7693427801132202
1761338375401547500,5.207547607421875,1.155260443687439,-1.013322114944458,1.8196702003479004
1761338375411613400,5.217613525390625,1.2613122463226318,-1.0534746646881104,1.8869949579238892
1761338375421678300,5.22767822265625,1.3556592464447021,-1.0753735303878784,1.930587649345398
1761338375431744300,5.237744140625,1.4181530475616455,-1.0400583744049072,1.8935976028442383
1761338375441809400,5.247809326171875,1.4831277132034302,-0.9446074962615967,1.7310534715652466
1761338375451875300,5.257875244140625,1.5991374254226685,-0.7368239760398865,1.4618667364120483
1761338375461941200,5.267941162109375,1.747087836265564,-0.5075131058692932,1.0948636531829834
1761338375472006400,5.27800634765625,1.8820712566375732,-0.32889920473098755,0.6815165281295776
1761338375482072300,5.288072265625,1.9581444263458252,-0.18027348816394806,0.29373928904533386
1761338375492137500,5.298137451171875,1.991556167602539,-0.010864486917853355,-0.08481015264987946
1761338375502203400,5.308203369140625,2.0429182052612305,0.174453467130661,-0.5229000449180603
1761338375512268300,5.318268310546875,2.0585265159606934,0.2712034583091736,-0.9360042810440063
1761338375522334500,5.32833447265625,1.9796000719070435,0.19628681242465973,-1.2086156606674194
1761338375532400400,5.338400390625,1.8555420637130737,0.002338373102247715,-1.2760764360427856
1761338375542465500,5.348465576171875,1.7815299034118652,-0.21452270448207855,-1.1218973398208618
1761338375552531200,5.35853125,1.7877380847930908,-0.32276368141174316,-0.8092983961105347
1761338375562596400,5.368596435546875,1.8747187852859497,-0.27793991565704346,-0.41435110569000244
1761338375572662300,5.378662353515625,2.0398290157318115,-0.013082696124911308,-0.033911630511283875
1761338375582728400,5.388728515625,2.2693238258361816,0.3528982698917389,0.22693946957588196
1761338375592793300,5.39879345703125,2.5590813159942627,0.43958044052124023,0.46858832240104675
1761338375602859300,5.408859375,2.7621047496795654,0.37114086747169495,0.7466712594032288
1761338375612924400,5.41892431640625,2.8642420768737793,0.2192021906375885,0.971099317073822
1761338375622990300,5.428990234375,2.881936550140381,0.029634825885295868,1.0425589084625244
1761338375633055500,5.439055419921875,2.795041084289551,-0.20294195413589478,0.9947115182876587
1761338375643121200,5.44912109375,2.646461248397827,-0.3883058428764343,0.8611802458763123
1761338375653187300,5.459187255859375,2.4671690464019775,-0.5025163292884827,0.6560468077659607
1761338375663252500,5.46925244140625,2.2678632736206055,-0.5093823671340942,0.4470985531806946
1761338375673318400,5.479318359375,2.0677437782287598,-0.40998920798301697,0.26622143387794495
1761338375683383600,5.489383544921875,1.8879683017730713,-0.2815881073474884,0.12244804203510284
1761338375693449200,5.49944921875,1.7639670372009277,-0.1588885486125946,0.026702597737312317
1761338375703515400,5.509515380859375,1.6495919227600098,-0.029178693890571594,-0.04581486061215401
1761338375713580300,5.519580322265625,1.6183115243911743,0.07266351580619812,-0.07341426610946655
1761338375723646500,5.529646484375,1.6389411687850952,0.14310964941978455,-0.10141435265541077
1761338375733711400,5.53971142578125,1.6826423406600952,0.21298328042030334,-0.1361992359161377
1761338375743777300,5.54977734375,1.7565019130706787,0.29686427116394043,-0.16701748967170715
1761338375753842400,5.559842529296875,1.8570938110351562,0.3274970054626465,-0.20120687782764435
1761338375763908400,5.569908447265625,1.9655277729034424,0.31294819712638855,-0.21797166764736176
1761338375773974500,5.579974609375,2.0833852291107178,0.294606477022171,-0.2315300852060318
1761338375784039200,5.5900390625,2.2074098587036133,0.25196632742881775,-0.2505298852920532
1761338375794105300,5.600105224609375,2.3027079105377197,0.12271033227443695,-0.21969926357269287
1761338375804170500,5.61017041015625,2.3768320083618164,-0.036588408052921295,-0.13089700043201447
1761338375814236400,5.620236328125,2.4714443683624268,-0.12444370239973068,-0.021830974146723747
1761338375824302300,5.63030224609375,2.5682291984558105,-0.14661510288715363,0.06528382003307343
1761338375834367200,5.6403671875,2.6439146995544434,-0.0927841067314148,0.10429619252681732
1761338375844433400,5.650433349609375,2.6632559299468994,0.06628559529781342,0.0694652870297432
1761338375854498300,5.660498291015625,2.516207218170166,0.09694976359605789,0.1226653903722763
1761338375864564500,5.670564453125,2.3368678092956543,-0.00294362660497427,0.32736191153526306
1761338375874630400,5.68063037109375,2.210847854614258,-0.09420137107372284,0.5548704266548157
1761338375884695300,5.6906953125,2.1295342445373535,-0.18021447956562042,0.7551692724227905
1761338375894761200,5.70076123046875,2.0672080516815186,-0.2793274521827698,0.9196511507034302
1761338375904826400,5.710826416015625,2.036728620529175,-0.3588552474975586,1.0908207893371582
1761338375914892500,5.720892578125,1.9958109855651855,-0.4704270362854004,1.2216333150863647
1761338375924957200,5.730957275390625,1.9476560354232788,-0.6735849976539612,1.2975530624389648
1761338375935023400,5.7410234375,1.912767767906189,-0.7059759497642517,1.3226735591888428
1761338375945089300,5.75108935546875,1.897536277770996,-0.525100588798523,1.2039623260498047
1761338375955154400,5.761154541015625,1.9051306247711182,-0.3117542862892151,1.003936529159546
1761338375965220400,5.771220458984375,1.9393962621688843,-0.09867867082357407,0.7796905040740967
1761338375975286000,5.7812861328125,2.0281248092651367,0.13363340497016907,0.512107253074646
1761338375985352000,5.79135205078125,2.185955762863159,0.38048481941223145,0.20823408663272858
1761338375995418000,5.801418212890625,2.322986602783203,0.5795819163322449,0.011392660439014435
1761338376005483300,5.811483154296875,2.387260675430298,0.6488635540008545,-0.06286604702472687
1761338376015549200,5.821549072265625,2.3847172260284424,0.5939832329750061,-0.04669586569070816
1761338376025614000,5.831614013671875,2.4263088703155518,0.5442413687705994,-0.02031000144779682
1761338376035680000,5.841679931640625,2.473832845687866,0.48375165462493896,0.025336313992738724
1761338376045745200,5.8517451171875,2.506471633911133,0.4094361960887909,0.10249517112970352
1761338376055811000,5.86181103515625,2.5102391242980957,0.34683164954185486,0.19936765730381012
1761338376065877000,5.871876953125,2.5188112258911133,0.31470027565956116,0.28826913237571716
1761338376075942100,5.881942138671875,2.540337085723877,0.31933683156967163,0.31923025846481323
1761338376086008000,5.892008056640625,2.585728883743286,0.3337838351726532,0.3107103109359741
1761338376096073200,5.9020732421875,2.636174440383911,0.3495928943157196,0.2807824909687042
1761338376106139100,5.91213916015625,2.6842310428619385,0.3488624095916748,0.26179930567741394
1761338376116205000,5.922205078125,2.720139980316162,0.3327271342277527,0.24230577051639557
1761338376126270000,5.93227001953125,2.7383205890655518,0.29877057671546936,0.24311792850494385
1761338376136336100,5.942336181640625,2.7423970699310303,0.25465691089630127,0.24755766987800598
1761338376146401300,5.9524013671875,2.7303223609924316,0.20285680890083313,0.24065254628658295
1761338376156467000,5.962467041015625,2.727958917617798,0.1561785191297531,0.2168225795030594
1761338376166532000,5.972531982421875,2.721342086791992,0.14026029407978058,0.18055467307567596
1761338376176598000,5.982597900390625,2.64726185798645,0.13700884580612183,0.13786685466766357
1761338376186664200,5.992664306640625,2.4844491481781006,0.12293262779712677,0.0862831398844719
1761338376196729000,6.00272900390625,2.2918286323547363,0.13908682763576508,-0.012960090301930904
1761338376206795000,6.012794921875,2.086636781692505,0.23085011541843414,-0.17227423191070557
1761338376216860200,6.022860107421875,1.8903651237487793,0.39448273181915283,-0.3921772837638855
1761338376226926000,6.032926025390625,1.730832576751709,0.5425527095794678,-0.6266725063323975
1761338376236992000,6.042991943359375,1.61964750289917,0.5820457339286804,-0.7690813541412354
1761338376247057000,6.053056884765625,1.5720988512039185,0.5841845870018005,-0.8473930358886719
1761338376257123000,6.063123046875,1.5730082988739014,0.5176740288734436,-0.8191027641296387
1761338376267188000,6.07318798828125,1.5840835571289062,0.3786512017250061,-0.7108334302902222
1761338376277254100,6.083254150390625,1.6117900609970093,0.21758083999156952,-0.542949378490448
1761338376287320000,6.093320068359375,1.6450217962265015,0.08981922268867493,-0.3717822730541229
1761338376297385000,6.103385009765625,1.6782822608947754,0.003734673373401165,-0.2357165813446045
1761338376307451100,6.113451171875,1.702928900718689,-0.03335665911436081,-0.1601310521364212
1761338376317516000,6.12351611328125,1.7115058898925781,-0.024437732994556427,-0.1405983716249466
1761338376327582200,6.133582275390625,1.702156901359558,0.03197779506444931,-0.14459751546382904
1761338376337646800,6.143646728515625,1.677113652229309,0.11285213381052017,-0.1983955055475235
1761338376347713000,6.153713134765625,1.695255994796753,0.0663825049996376,-0.18125729262828827
1761338376357779000,6.163779052734375,1.7482224702835083,-0.018827468156814575,-0.1176290512084961
1761338376367844000,6.173843994140625,1.8096518516540527,-0.11395573616027832,-0.09421457350254059
1761338376377910000,6.183909912109375,1.8472086191177368,-0.18492738902568817,-0.1296015977859497
1761338376387975000,6.193974853515625,1.871472954750061,-0.23801931738853455,-0.17190289497375488
1761338376398041000,6.204041015625,1.8979517221450806,-0.30183160305023193,-0.2022450864315033
1761338376408106000,6.21410595703125,1.9177770614624023,-0.36009591817855835,-0.18776513636112213
1761338376418172200,6.224172119140625,1.9119782447814941,-0.40880778431892395,-0.14805501699447632
1761338376428238000,6.234238037109375,1.906314730644226,-0.44625964760780334,-0.1000618189573288
1761338376438303000,6.244302978515625,1.9137744903564453,-0.47825565934181213,-0.061723481863737106
1761338376448369200,6.254369140625,1.9116790294647217,-0.4981609284877777,-0.04081340134143829
1761338376458434000,6.26443408203125,1.8741556406021118,-0.528286337852478,-0.017789842560887337
1761338376468500200,6.274500244140625,1.8068550825119019,-0.539973795413971,0.013532280921936035
1761338376478566100,6.284566162109375,1.7391561269760132,-0.505602240562439,0.022243481129407883
1761338376488631000,6.294631103515625,1.674938678741455,-0.43199455738067627,0.007537920027971268
1761338376498697000,6.304697021484375,1.620518684387207,-0.3286287486553192,-0.036051634699106216
1761338376508762000,6.31476220703125,1.5644783973693848,-0.23316676914691925,-0.08910869061946869
1761338376518828000,6.324828125,1.4810290336608887,-0.18292491137981415,-0.14126163721084595
1761338376528894000,6.33489404296875,1.3968571424484253,-0.18779121339321136,-0.1971615105867386
1761338376538959000,6.344958984375,1.3244296312332153,-0.24920158088207245,-0.24096357822418213
1761338376549025000,6.35502490234375,1.2542901039123535,-0.35480043292045593,-0.246221661567688
1761338376559090200,6.365090087890625,1.179404854774475,-0.4695078432559967,-0.22040843963623047
1761338376569156000,6.375156005859375,1.091561198234558,-0.57869553565979,-0.18046227097511292
1761338376579221000,6.385220947265625,1.0200289487838745,-0.6379711031913757,-0.15520192682743073
1761338376589287200,6.395287109375,0.9811785817146301,-0.6098541021347046,-0.15308766067028046
1761338376599353000,6.40535302734375,0.914836585521698,-0.5131041407585144,-0.15580248832702637
1761338376609418200,6.415418212890625,0.7545943260192871,-0.569141685962677,-0.02046533301472664
1761338376619484000,6.42548388671875,0.5592978000640869,-0.7017151713371277,0.20447349548339844
1761338376629549000,6.435549072265625,0.3889814615249634,-0.7603321671485901,0.38286295533180237
1761338376639615000,6.445614990234375,0.20316950976848602,-0.7102620601654053,0.4025527834892273
1761338376649681200,6.45568115234375,0.0023300584871321917,-0.6059912443161011,0.29126065969467163
1761338376659746000,6.46574609375,-0.15160171687602997,-0.511179506778717,0.12754018604755402
1761338376669812000,6.47581201171875,-0.20366935431957245,-0.45193541049957275,-0.03576625511050224
1761338376679877000,6.485877197265625,-0.17954058945178986,-0.3918057680130005,-0.17335180938243866
1761338376689943000,6.495943115234375,-0.1052156314253807,-0.242580845952034,-0.23592832684516907
1761338376700009200,6.50600927734375,-0.0072893318720161915,0.01995491236448288,-0.2349378913640976
1761338376710073900,6.516073974609375,0.08487802743911743,0.3149354159832001,-0.19009990990161896
1761338376720140000,6.52614013671875,0.1626274138689041,0.5201921463012695,-0.09546047449111938
1761338376730205200,6.536205078125,0.2560892105102539,0.6264243125915527,0.017594702541828156
1761338376740271000,6.54627099609375,0.3456081748008728,0.6530314087867737,0.10961757600307465
1761338376750336300,6.556336181640625,0.4267805814743042,0.6133524179458618,0.1486956626176834
1761338376760402000,6.56640185546875,0.5137839317321777,0.48681336641311646,0.13470368087291718
1761338376770468000,6.576468017578125,0.6190074682235718,0.2843436598777771,0.08526216447353363
1761338376780533000,6.586532958984375,0.7416771650314331,0.0430104024708271,0.05160246789455414
1761338376790599200,6.59659912109375,0.8824121952056885,-0.2057432234287262,0.07398394495248795
1761338376800664000,6.6066640625,1.0289063453674316,-0.4067104160785675,0.1511887162923813
1761338376810730000,6.61672998046875,1.1150795221328735,-0.5317033529281616,0.2849726378917694
1761338376820795100,6.626795166015625,1.2098253965377808,-0.6156246066093445,0.44145411252975464
1761338376830861000,6.636861083984375,1.2899147272109985,-0.5976490378379822,0.5827955603599548
1761338376840927200,6.64692724609375,1.325546383857727,-0.5251471400260925,0.6749070882797241
1761338376850991900,6.656991943359375,1.3017346858978271,-0.4228786826133728,0.7244958281517029
1761338376861058000,6.66705810546875,1.240234613418579,-0.27339276671409607,0.7444849610328674
1761338376871123200,6.677123291015625,1.1781574487686157,-0.10517220199108124,0.7107738852500916
1761338376881189000,6.687189208984375,1.1199575662612915,0.015291363000869751,0.6151642203330994
1761338376891255000,6.697255126953125,1.0603257417678833,0.06699950248003006,0.44974082708358765
1761338376901320000,6.70731982421875,0.9839419722557068,0.08017416298389435,0.27697890996932983
1761338376911386000,6.71738623046875,0.8890306353569031,0.0261671245098114,0.13039478659629822
1761338376921451000,6.727450927734375,0.8078433871269226,-0.08320198208093643,0.008855044841766357
1761338376931517200,6.73751708984375,0.7598114013671875,-0.1796562373638153,-0.09104655683040619
1761338376941583000,6.7475830078125,0.7397700548171997,-0.25527775287628174,-0.15464578568935394
1761338376951648000,6.75764794921875,0.7457470893859863,-0.3009437918663025,-0.17495164275169373
1761338376961714000,6.7677138671875,0.7671501636505127,-0.28860777616500854,-0.1420522928237915
1761338376971779000,6.777779052734375,0.8027623891830444,-0.21977439522743225,-0.07384847104549408
1761338376981845200,6.78784521484375,0.8357216715812683,-0.11208121478557587,0.026918619871139526
1761338376991910000,6.797909912109375,0.8544411063194275,0.018262360244989395,0.15569408237934113
1761338377001976000,6.80797607421875,0.8538733124732971,0.0813068374991417,0.28979676961898804
1761338377012042000,6.8180419921875,0.8506719470024109,0.09592189639806747,0.4008370339870453
1761338377022107100,6.828107177734375,0.8543210029602051,0.11732279509305954,0.4677361845970154
1761338377032173000,6.838173095703125,0.8265315294265747,0.2476683109998703,0.5656870007514954
1761338377042238000,6.848238037109375,0.8094342947006226,0.2617018520832062,0.5859329104423523
1761338377052304100,6.85830419921875,0.8219709992408752,0.20003007352352142,0.511171281337738
1761338377062370000,6.8683701171875,0.8661651015281677,0.203331857919693,0.3827076256275177
1761338377072435200,6.878435302734375,0.9171155095100403,0.24698781967163086,0.20505867898464203
1761338377082501000,6.888501220703125,0.9276357889175415,0.26941028237342834,0.04529751464724541
1761338377092566000,6.89856591796875,0.8830028772354126,0.2586175501346588,-0.07457463443279266
1761338377102632000,6.9086318359375,0.8209418654441833,0.1918584704399109,-0.16098196804523468
1761338377112698000,6.918697998046875,0.7705253958702087,0.10514947772026062,-0.21668556332588196
1761338377122763300,6.92876318359375,0.7375176548957825,0.024462353438138962,-0.25534185767173767
1761338377132829000,6.938828857421875,0.7191599607467651,-0.04420959949493408,-0.2848522663116455
1761338377142894000,6.94889404296875,0.7074106335639954,-0.10135464370250702,-0.32243719696998596
1761338377152960000,6.9589599609375,0.7059361338615417,-0.13550668954849243,-0.3568198084831238
1761338377163025200,6.969025146484375,0.7219473123550415,-0.14386849105358124,-0.381539523601532
1761338377173091000,6.979091064453125,0.7554174661636353,-0.1387609988451004,-0.37611129879951477
1761338377183157000,6.989156982421875,0.7978437542915344,-0.13482724130153656,-0.3439943790435791
1761338377193222100,6.99922216796875,0.8455303311347961,-0.13000106811523438,-0.3045670986175537
1761338377203288000,7.0092880859375,0.878265380859375,-0.131581112742424,-0.2622995376586914
1761338377213353200,7.019353271484375,0.9019525051116943,-0.14072036743164062,-0.22644421458244324
1761338377223419000,7.0294189453125,0.8944897651672363,-0.15802931785583496,-0.20126056671142578
1761338377233485000,7.039485107421875,0.8596441149711609,-0.16727161407470703,-0.19420839846134186
1761338377243550000,7.049550048828125,0.7554255723953247,-0.12552736699581146,-0.21250750124454498
1761338377253616000,7.0596162109375,0.6073764562606812,-0.02210696041584015,-0.27607184648513794
1761338377263681300,7.069681396484375,0.43869659304618835,0.16482430696487427,-0.37994974851608276
1761338377273747000,7.079746826171875,0.25892549753189087,0.24824942648410797,-0.3666382133960724
1761338377283812000,7.08981201171875,0.09784632921218872,0.34702742099761963,-0.2896358370780945
1761338377293878000,7.0998779296875,-0.06350106745958328,0.4237125813961029,-0.2256142646074295
1761338377303944200,7.109944091796875,-0.21344423294067383,0.519378662109375,-0.15285643935203552
1761338377314008800,7.1200087890625,-0.33428922295570374,0.5609268546104431,-0.05804991349577904
1761338377324075000,7.130074951171875,-0.40057262778282166,0.49003586173057556,0.09308181703090668
1761338377334140200,7.14014013671875,-0.3820687234401703,0.3042580187320709,0.29267269372940063
1761338377344206000,7.1502060546875,-0.28996461629867554,0.08928579837083817,0.5382904410362244
1761338377354272000,7.16027197265625,-0.19012457132339478,-0.06750354170799255,0.7824194431304932
1761338377364337000,7.1703369140625,-0.12297695875167847,-0.1379561424255371,0.9455615282058716
1761338377374403000,7.180403076171875,-0.08316616714000702,-0.08805106580257416,0.9723742008209229
1761338377384468000,7.190468017578125,-0.061104536056518555,0.06101218983530998,0.8858161568641663
1761338377394534100,7.2005341796875,-0.07593896985054016,0.305696964263916,0.7387232184410095
1761338377404599000,7.21059912109375,-0.11032463610172272,0.596932053565979,0.5248450040817261
1761338377414665000,7.2206650390625,-0.19126491248607635,0.8221637010574341,0.212090402841568
1761338377424731100,7.230731201171875,-0.2603193521499634,0.9340981841087341,-0.1478874683380127
1761338377434796000,7.240796142578125,-0.2836928069591522,0.9308691620826721,-0.45825812220573425
1761338377444862200,7.2508623046875,-0.3088066875934601,0.7401665449142456,-0.7197906970977783
1761338377454926800,7.2609267578125,-0.2896465063095093,0.4329591691493988,-0.8261986970901489
1761338377464993000,7.270992919921875,-0.2571793794631958,0.16315115988254547,-0.7422579526901245
1761338377475059000,7.281058837890625,-0.22576740384101868,-0.05360981449484825,-0.4896968603134155
1761338377485124000,7.2911240234375,-0.20012569427490234,-0.1777282953262329,-0.07982225716114044
1761338377495190000,7.30118994140625,-0.1989932507276535,-0.10938134789466858,0.4344988465309143
1761338377505255000,7.3112548828125,-0.21788544952869415,0.10332213342189789,0.998630166053772
1761338377515321000,7.321321044921875,-0.2101150006055832,0.33126723766326904,1.521447777748108
1761338377525387000,7.331386962890625,-0.14491096138954163,0.49641063809394836,1.9200979471206665
1761338377535452200,7.3414521484375,-0.030995823442935944,0.5463476777076721,2.1092283725738525
1761338377545518000,7.35151806640625,0.12831233441829681,0.46842068433761597,2.013218641281128
1761338377555583000,7.3615830078125,0.3389934003353119,0.32956573367118835,1.6873564720153809
1761338377565649200,7.371649169921875,0.5605893731117249,0.26192012429237366,1.2474616765975952
1761338377575714000,7.381714111328125,0.7191188335418701,0.2679315507411957,0.7686602473258972
1761338377585780200,7.3917802734375,0.7852514982223511,0.3761901259422302,0.39391911029815674
1761338377595846100,7.40184619140625,0.7710587382316589,0.42325642704963684,0.14068017899990082
1761338377605911000,7.4119111328125,0.74528568983078,0.32807186245918274,-0.02284642495214939
1761338377615977000,7.42197705078125,0.7215791344642639,0.1508956104516983,-0.09823469072580338
1761338377626042000,7.4320419921875,0.6831651926040649,-0.05285380035638809,-0.12338824570178986
1761338377636108300,7.4421083984375,0.6129889488220215,-0.2629700303077698,-0.14014805853366852
1761338377646174000,7.452174072265625,0.5230873227119446,-0.48422971367836,-0.17967602610588074
1761338377656239000,7.462239013671875,0.45242223143577576,-0.7047531604766846,-0.27352479100227356
1761338377666305000,7.472304931640625,0.4040094017982483,-0.9094684720039368,-0.42507705092430115
1761338377676370200,7.4823701171875,0.3827016055583954,-1.0671507120132446,-0.6103069186210632
1761338377686436000,7.49243603515625,0.37553369998931885,-1.1661039590835571,-0.7594239711761475
1761338377696501000,7.5025009765625,0.36541473865509033,-1.2045718431472778,-0.8107494115829468
1761338377706567200,7.512567138671875,0.34446579217910767,-1.1403974294662476,-0.7384451031684875
1761338377716633000,7.522633056640625,0.32415348291397095,-0.9233916997909546,-0.5696156024932861
1761338377726698200,7.5326982421875,0.2709576189517975,-0.5778534412384033,-0.3413779139518738
1761338377736764000,7.542763916015625,0.278285413980484,-0.19659242033958435,-0.14811664819717407
1761338377746829000,7.5528291015625,0.29261377453804016,0.15995877981185913,-0.017252914607524872
1761338377756895000,7.56289501953125,0.30501410365104675,0.41564497351646423,0.027835356071591377
1761338377766961200,7.572961181640625,0.2679508924484253,0.583215057849884,0.02532745711505413
1761338377777026300,7.5830263671875,0.21118152141571045,0.6602107882499695,0.009674003347754478
1761338377787092000,7.593092041015625,0.1562146693468094,0.6424837112426758,-0.023974770680069923
1761338377797157000,7.6031572265625,0.11711211502552032,0.5769280791282654,-0.06596090644598007
1761338377807223000,7.61322314453125,0.09087758511304855,0.508877158164978,-0.10918054729700089
1761338377817289200,7.623289306640625,0.07485539466142654,0.44474393129348755,-0.14570648968219757
1761338377827353900,7.633353759765625,0.06925716251134872,0.38436153531074524,-0.1779581755399704
1761338377837420000,7.643419921875,0.0631592869758606,0.3049255609512329,-0.20127414166927338
1761338377847485200,7.653485107421875,0.06179868057370186,0.2174239307641983,-0.21571379899978638
1761338377857551000,7.663551025390625,0.05465817451477051,0.1073155328631401,-0.24418966472148895
1761338377867616300,7.6736162109375,0.04415440559387207,-0.01136903464794159,-0.284479558467865
1761338377877682000,7.683681884765625,0.03762125223875046,-0.08782751113176346,-0.32272908091545105
1761338377887748000,7.693748046875,0.03975844010710716,-0.12924952805042267,-0.36009669303894043
1761338377897813000,7.70381298828125,0.04979258030653,-0.14970064163208008,-0.39915257692337036
1761338377907879200,7.713879150390625,0.06342796981334686,-0.15421390533447266,-0.4090003967285156
1761338377917944000,7.723944091796875,0.06835301965475082,-0.12637512385845184,-0.381488174200058
1761338377928010000,7.734010009765625,0.05466889590024948,-0.09207787364721298,-0.3165541887283325
1761338377938076000,7.744075927734375,0.030756855383515358,-0.05818553641438484,-0.24953942000865936
1761338377948141000,7.75414111328125,0.01205986738204956,-0.022586263716220856,-0.1837518811225891
1761338377958207200,7.764207275390625,-0.0000355779193341732,-0.0033592339605093002,-0.1310424506664276
1761338377968272100,7.774272216796875,-0.018848946318030357,-0.015909645706415176,-0.10708705335855484
1761338377978338300,7.78433837890625,-0.0577855110168457,-0.05610203742980957,-0.10369943082332611
1761338377988403200,7.7944033203125,-0.1077520027756691,-0.12415831536054611,-0.12703964114189148
1761338377998469000,7.80446923828125,-0.15022282302379608,-0.1964099407196045,-0.1561039388179779
1761338378008535000,7.81453515625,-0.1703251600265503,-0.27783313393592834,-0.16876220703125
1761338378018600200,7.82460009765625,-0.16489191353321075,-0.33575114607810974,-0.15942531824111938
1761338378028666400,7.834666259765625,-0.12569472193717957,-0.35767319798469543,-0.12620609998703003
1761338378038731000,7.84473095703125,-0.05235361307859421,-0.2955990731716156,-0.07247686386108398
1761338378048797200,7.854797119140625,-0.003914704546332359,-0.2868524491786957,0.06377125531435013
1761338378058863000,7.864863037109375,0.004382489249110222,-0.3358171582221985,0.2984805405139923
1761338378068928300,7.87492822265625,0.0024293269962072372,-0.2899748384952545,0.45319342613220215
1761338378078994200,7.884994140625,-0.08164504170417786,-0.23923148214817047,0.4757046103477478
1761338378089059000,7.89505908203125,-0.3089335858821869,-0.22023941576480865,0.3574237525463104
1761338378099125200,7.905125244140625,-0.515751302242279,-0.2470727413892746,0.1550627052783966
1761338378109191200,7.915191162109375,-0.6157827973365784,-0.25175032019615173,-0.01708536222577095
1761338378119256300,7.92525634765625,-0.6583972573280334,-0.2185836136341095,-0.09716455638408661
1761338378129322200,7.935322265625,-0.6738904714584351,-0.14467504620552063,-0.09611980617046356
1761338378139387100,7.94538720703125,-0.6436838507652283,-0.025223203003406525,-0.05571725219488144
1761338378149453000,7.955453125,-0.564360499382019,0.11264784634113312,0.006379144266247749
1761338378159518200,7.965518310546875,-0.45550721883773804,0.2259349375963211,0.053209953010082245
1761338378169584400,7.97558447265625,-0.33188754320144653,0.3155580461025238,0.09128943085670471
1761338378179650300,7.985650390625,-0.22659194469451904,0.3472875952720642,0.127237007021904
1761338378189715200,7.995715087890625,-0.14770272374153137,0.3249540627002716,0.15658584237098694
1761338378199780400,8.0057802734375,-0.1077597439289093,0.22535935044288635,0.19293521344661713
1761338378209846300,8.01584619140625,-0.09014133363962173,0.06965205073356628,0.2429152876138687
1761338378219912200,8.025912109375,-0.06834596395492554,-0.0934399738907814,0.31514066457748413
1761338378229977000,8.03597705078125,-0.03289582207798958,-0.1896945983171463,0.4110315144062042
1761338378240043300,8.046043212890625,-0.001117486972361803,-0.23158326745033264,0.5103470087051392
1761338378250108200,8.056108154296876,0.021448541432619095,-0.2543705999851227,0.6060040593147278
1761338378260174300,8.06617431640625,0.012259536422789097,-0.2607472836971283,0.6906465291976929
1761338378270240300,8.076240234375,-0.04245830327272415,-0.27153682708740234,0.7368766069412231
1761338378280305200,8.08630517578125,-0.12359746545553207,-0.15108834207057953,0.6810587644577026
1761338378290371000,8.09637109375,-0.22695021331310272,-0.01883549802005291,0.565294086933136
1761338378300436200,8.106436279296876,-0.3387676775455475,-0.04406050592660904,0.33861973881721497
1761338378310502400,8.11650244140625,-0.41367918252944946,-0.11983995884656906,0.08026888966560364
1761338378320567000,8.126567138671875,-0.46782752871513367,-0.1882067322731018,-0.1595042198896408
1761338378330633200,8.13663330078125,-0.5148149728775024,-0.1860349327325821,-0.32249578833580017
1761338378340699100,8.14669921875,-0.5780256986618042,-0.18175837397575378,-0.43781352043151855
1761338378350764300,8.156764404296876,-0.6548448204994202,-0.1647474318742752,-0.4941500425338745
1761338378360830200,8.166830322265625,-0.7286041975021362,-0.06459850817918777,-0.5081756711006165
1761338378370895000,8.17689501953125,-0.7599349617958069,0.025825660675764084,-0.44714266061782837
1761338378380961300,8.186961181640624,-0.7098715305328369,0.0689915120601654,-0.2825518250465393
1761338378391027200,8.197027099609375,-0.6167967319488525,0.10147248953580856,-0.047669023275375366
1761338378401092400,8.20709228515625,-0.5269498825073242,0.09091094136238098,0.1515900194644928
1761338378411158000,8.217157958984375,-0.44863617420196533,0.0742773711681366,0.2869156301021576
1761338378421223200,8.22722314453125,-0.3969922661781311,0.015278789214789867,0.370138943195343
1761338378431289000,8.2372890625,-0.3779895603656769,-0.09436195343732834,0.3967883884906769
1761338378441354200,8.247354248046875,-0.3823672831058502,-0.19661855697631836,0.4031203091144562
1761338378451420400,8.25742041015625,-0.24614737927913666,-0.26343485713005066,0.38421186804771423
1761338378461486000,8.267486083984375,-0.1268046647310257,-0.2675535976886749,0.3092758357524872
1761338378471551200,8.27755126953125,-0.21912766993045807,-0.38552016019821167,0.1868274062871933
1761338378481617200,8.2876171875,-0.4601035416126251,-0.544111430644989,0.07339485734701157
1761338378491682300,8.297682373046875,-0.631470263004303,-0.525208055973053,0.024590296670794487
1761338378501748000,8.307748046875,-0.7338956594467163,-0.44004109501838684,0.02812853455543518
1761338378511814100,8.317814208984375,-0.7985231280326843,-0.4084027409553528,0.043145034462213516
1761338378521879300,8.32787939453125,-0.8164671659469604,-0.49080899357795715,0.023819714784622192
1761338378531945200,8.3379453125,-0.7734107971191406,-0.5779454708099365,-0.012477838434278965
1761338378542010400,8.34801025390625,-0.6551513075828552,-0.6281285881996155,-0.06714875996112823
1761338378552076000,8.358075927734374,-0.49796009063720703,-0.7094793915748596,-0.16760052740573883
1761338378562142200,8.36814208984375,-0.3383294939994812,-0.8151238560676575,-0.3120470643043518
1761338378572207000,8.37820703125,-0.20575842261314392,-0.9097835421562195,-0.4778091311454773
1761338378582273300,8.388273193359375,-0.0797334536910057,-0.8920998573303223,-0.5810340046882629
1761338378592338200,8.398338134765625,0.0033622323535382748,-0.8316860198974609,-0.5561416745185852
1761338378602404000,8.408404052734374,-0.052965689450502396,-0.7465329170227051,-0.503692090511322
1761338378612470300,8.41847021484375,-0.13521555066108704,-0.5643572211265564,-0.4806445837020874
1761338378622535200,8.42853515625,-0.18481342494487762,-0.38585957884788513,-0.4848787784576416
1761338378632601300,8.438601318359375,-0.2311985045671463,-0.23433077335357666,-0.4795148968696594
1761338378642666000,8.448666015625,-0.29064276814460754,-0.05151735991239548,-0.4088081121444702
1761338378652732200,8.458732177734374,-0.35023632645606995,0.1596103310585022,-0.30622929334640503
1761338378662798000,8.468798095703125,-0.39258483052253723,0.2810758650302887,-0.2611478865146637
1761338378672863200,8.47886328125,-0.41972219944000244,0.4161823093891144,-0.2164429873228073
1761338378682929200,8.48892919921875,-0.4309103488922119,0.5199998617172241,-0.2300001084804535
1761338378692994000,8.498994140625,-0.44389352202415466,0.5516600608825684,-0.258760929107666
1761338378703060200,8.509060302734374,-0.4552474021911621,0.5364355444908142,-0.2656515836715698
1761338378713126100,8.519126220703125,-0.4648779034614563,0.48645445704460144,-0.24440541863441467
1761338378723191300,8.52919140625,-0.4669272005558014,0.4081677794456482,-0.19716328382492065
1761338378733257200,8.53925732421875,-0.47277337312698364,0.2859143018722534,-0.1046016663312912
1761338378743322000,8.549322021484375,-0.4817691147327423,0.11239386349916458,0.009778553619980812
1761338378753388300,8.55938818359375,-0.4761500954627991,-0.044629041105508804,0.14144070446491241
1761338378763453200,8.569453125,-0.4312630593776703,-0.20532207190990448,0.2751271426677704
1761338378773519400,8.579519287109376,-0.3985450565814972,-0.2762334942817688,0.3692725598812103
1761338378783585000,8.5895849609375,-0.343436062335968,-0.1618625968694687,0.3723946213722229
1761338378793650200,8.599650146484375,-0.2706068754196167,0.10182338207960129,0.3131789565086365
1761338378803716000,8.609716064453124,-0.16587990522384644,0.43751031160354614,0.14031076431274414
1761338378813781200,8.61978125,-0.05321807414293289,0.6843336820602417,-0.09830020368099213
1761338378823847200,8.62984716796875,-0.048117101192474365,0.8405287861824036,-0.3005813658237457
1761338378833913000,8.6399130859375,-0.062325067818164825,0.9598450064659119,-0.4300999343395233
1761338378843978200,8.649978271484375,-0.02202794700860977,1.0744447708129883,-0.6200367212295532
1761338378854044200,8.660044189453124,0.03775043040513992,1.1108614206314087,-0.8460240364074707
1761338378864109300,8.670109375,0.07275755703449249,1.0301756858825684,-1.032657265663147
1761338378874175000,8.680175048828126,0.10483239591121674,0.7139151692390442,-0.9892331957817078
1761338378884241200,8.6902412109375,0.07092619687318802,0.3924657702445984,-0.698246955871582
1761338378894306300,8.700306396484375,-0.0158316008746624,0.21740153431892395,-0.30691543221473694
1761338378904372200,8.710372314453124,-0.12236533313989639,0.19368131458759308,0.124188631772995
1761338378914437400,8.720437255859375,-0.2225199043750763,0.3071431517601013,0.5410335063934326
1761338378924503000,8.7305029296875,-0.3245020806789398,0.35974735021591187,0.9464887380599976
1761338378934568200,8.740568115234375,-0.3999161422252655,0.3371986150741577,1.2601280212402344
1761338378944634000,8.750634033203125,-0.43658745288848877,0.2370910942554474,1.4603272676467896
1761338378954700300,8.7607001953125,-0.4048023521900177,0.05255082622170448,1.5401149988174438
1761338378964765200,8.77076513671875,-0.30315202474594116,-0.21310554444789886,1.493516445159912
1761338378974830600,8.78083056640625,-0.15945158898830414,-0.4602751135826111,1.4540760517120361
1761338378984895500,8.7908955078125,-0.05780778080224991,-0.4712851345539093,1.291058897972107
1761338378994961400,8.80096142578125,0.00043635163456201553,-0.310811847448349,0.8968232274055481
1761338379005027600,8.811027587890624,0.06888837367296219,-0.13393278419971466,0.4324883222579956
1761338379015092700,8.8210927734375,0.16012215614318848,0.06048382818698883,-0.0008756113238632679
1761338379025158700,8.83115869140625,0.17868994176387787,0.2847803235054016,-0.32404595613479614
1761338379035223600,8.8412236328125,0.2745725214481354,0.4326091706752777,-0.5990445017814636
1761338379045289500,8.85128955078125,0.3995721638202667,0.44919776916503906,-0.8370079398155212
1761338379055355600,8.861355712890624,0.48658642172813416,0.4550260901451111,-0.99714595079422
1761338379065420500,8.871420654296875,0.48604312539100647,0.38411960005760193,-1.1035568714141846
1761338379075486700,8.88148681640625,0.39457154273986816,0.09734775125980377,-1.1488579511642456
1761338379085551600,8.891551513671875,0.22367063164710999,-0.3431738615036011,-1.1519733667373657
1761338379095617500,8.901617431640625,0.059707000851631165,-0.6504475474357605,-1.1463892459869385
1761338379105682700,8.9116826171875,-0.1036314070224762,-0.787773072719574,-1.0784624814987183
1761338379115748600,8.92174853515625,-0.2639065682888031,-0.7894220948219299,-0.8890406489372253
1761338379125814800,8.931814697265626,-0.3851813077926636,-0.6281651854515076,-0.6615223288536072
1761338379135879400,8.94187939453125,-0.46490728855133057,-0.3926466703414917,-0.42519715428352356
1761338379145945600,8.951945556640625,-0.48587000370025635,-0.12369849532842636,-0.23074281215667725
1761338379156010800,8.9620107421875,-0.4404905438423157,0.08901004493236542,-0.09505263715982437
1761338379166076700,8.97207666015625,-0.3583001494407654,0.1756228506565094,-0.03135644644498825
1761338379176142300,8.982142333984376,-0.2768031358718872,0.1763608157634735,-0.010726536624133587
1761338379186207500,8.99220751953125,-0.18144887685775757,0.1688670516014099,0.03210211917757988
1761338379196273700,9.002273681640625,-0.11687414348125458,0.11358568072319031,0.1160777136683464
1761338379206338600,9.012338623046874,-0.10878246277570724,-0.05657535046339035,0.24252092838287354
1761338379216404700,9.02240478515625,-0.14342565834522247,-0.23231574892997742,0.3532581031322479
1761338379226470400,9.032470458984376,-0.18909300863742828,-0.28337031602859497,0.3239033818244934
1761338379236535600,9.04253564453125,-0.2322215735912323,-0.21648234128952026,0.14366675913333893
1761338379246601500,9.0526015625,-0.2904580235481262,-0.13076607882976532,-0.08080913871526718
1761338379256666600,9.06266650390625,-0.38637152314186096,-0.07988505065441132,-0.26721125841140747
1761338379266732500,9.072732666015625,-0.47545066475868225,-0.0553564578294754,-0.4063197076320648
1761338379276797400,9.08279736328125,-0.5384357571601868,-0.07145526260137558,-0.5141154527664185
1761338379286863600,9.092863525390625,-0.5843024253845215,-0.10108768939971924,-0.5745843052864075
1761338379296929500,9.102929443359375,-0.6138288974761963,-0.12598185241222382,-0.5946738719940186
1761338379306994700,9.11299462890625,-0.6183422207832336,-0.11984562128782272,-0.5782159566879272
1761338379317060400,9.123060302734375,-0.5754519701004028,-0.059207309037446976,-0.5457179546356201
1761338379327125500,9.13312548828125,-0.49323341250419617,0.0236333217471838,-0.5010120868682861
1761338379337191700,9.143191650390625,-0.4124719798564911,0.11828259378671646,-0.42911338806152344
1761338379347257600,9.153257568359376,-0.35766443610191345,0.21050849556922913,-0.3611149489879608
1761338379357322500,9.163322509765624,-0.34972527623176575,0.2665722966194153,-0.30707433819770813
1761338379367388400,9.173388427734375,-0.3463453948497772,0.2760290503501892,-0.28229978680610657
1761338379377453600,9.18345361328125,-0.38971975445747375,0.31919223070144653,-0.2855086326599121
1761338379387519500,9.19351953125,-0.5261227488517761,0.3900790512561798,-0.3187617063522339
1761338379397585700,9.203585693359376,-0.7125075459480286,0.43525904417037964,-0.38224083185195923
1761338379407650600,9.213650634765624,-0.8916566371917725,0.4399886727333069,-0.45203477144241333
1761338379417716500,9.223716552734375,-1.0491288900375366,0.3853275775909424,-0.4967689514160156
1761338379427781600,9.23378173828125,-1.167741060256958,0.24879668653011322,-0.512620747089386
1761338379437847600,9.24384765625,-1.2516522407531738,0.0521978884935379,-0.4645903408527374
1761338379447912400,9.253912353515625,-1.3014287948608398,-0.14809401333332062,-0.3425937592983246
1761338379457978400,9.263978271484374,-1.3107855319976807,-0.30184921622276306,-0.1677844077348709
1761338379468044500,9.27404443359375,-1.2683964967727661,-0.35195502638816833,0.045398030430078506
1761338379478109700,9.284109619140626,-1.2072203159332275,-0.29015639424324036,0.251367449760437
1761338379488175600,9.294175537109375,-1.1247841119766235,-0.09574069827795029,0.4382662773132324
1761338379498240500,9.304240478515625,-0.9970100522041321,0.11248601227998734,0.5372682213783264
1761338379508306400,9.314306396484374,-0.8397089242935181,0.1627725064754486,0.5436776280403137
1761338379518372600,9.32437255859375,-0.7048472762107849,0.04144792631268501,0.48294854164123535
1761338379528437500,9.3344375,-0.6237636804580688,-0.1952693909406662,0.3927030861377716
1761338379538503700,9.344503662109375,-0.6375476717948914,-0.40424472093582153,0.2384386956691742
1761338379548568600,9.354568603515625,-0.7096713185310364,-0.4465511441230774,0.03493271395564079
1761338379558634500,9.364634521484374,-0.754683792591095,-0.33102110028266907,-0.1081370934844017
1761338379568699600,9.37469970703125,-0.7846078276634216,-0.16468797624111176,-0.11410374939441681
1761338379578765600,9.384765625,-0.8388702273368835,-0.012558361515402794,-0.03954616189002991
1761338379588831700,9.394831787109375,-0.9282311201095581,0.08513256162405014,0.0504290834069252
1761338379598896400,9.404896484375,-1.0355262756347656,0.16950681805610657,0.1201317310333252
1761338379608962600,9.414962646484375,-1.1155967712402344,0.17004813253879547,0.1387006640434265
1761338379619027700,9.42502783203125,-1.1550430059432983,0.09115305542945862,0.08579935878515244
1761338379629093600,9.43509375,-1.1688460111618042,-0.011528665199875832,-0.03210825473070145
1761338379639159600,9.44515966796875,-1.132158875465393,-0.10256403684616089,-0.1664106696844101
1761338379649224400,9.455224365234375,-1.0523489713668823,-0.1667846441268921,-0.27379292249679565
1761338379659290600,9.46529052734375,-1.0292772054672241,-0.2409140020608902,-0.28727731108665466
1761338379669355500,9.47535546875,-1.0610079765319824,-0.3323325216770172,-0.19954624772071838
1761338379679421700,9.485421630859374,-1.1073722839355469,-0.39609819650650024,-0.04842330887913704
1761338379689487400,9.4954873046875,-1.1875571012496948,-0.4019787609577179,0.11817483603954315
1761338379699552500,9.505552490234376,-1.290797233581543,-0.31820717453956604,0.21735309064388275
1761338379709618700,9.51561865234375,-1.3232605457305908,-0.18944209814071655,0.2073301374912262
1761338379719683600,9.52568359375,-1.3487038612365723,-0.10316126048564911,0.10428976267576218
1761338379729749800,9.535749755859374,-1.3864624500274658,-0.05118856579065323,-0.05524175986647606
1761338379739814400,9.545814453125,-1.4423885345458984,-0.026188941672444344,-0.26111266016960144
1761338379749880600,9.555880615234376,-1.4933984279632568,-0.01846611127257347,-0.4912099242210388
1761338379759946500,9.565946533203125,-1.5239288806915283,0.021414991468191147,-0.7162837982177734
1761338379770011600,9.57601171875,-1.542052149772644,0.09182246774435043,-0.8771381378173828
1761338379780077600,9.58607763671875,-1.5806267261505127,0.11744553595781326,-1.0440919399261475
1761338379790142500,9.596142578125,-1.5678751468658447,0.047740936279296875,-1.0447672605514526
1761338379800208600,9.606208740234376,-1.4863022565841675,0.0386827290058136,-0.8953271508216858
1761338379810274600,9.616274658203125,-1.3271702527999878,0.1322714239358902,-0.6464698910713196
1761338379820339700,9.626339599609375,-1.2058578729629517,0.2639178931713104,-0.3386920690536499
1761338379830405400,9.6364052734375,-1.1113877296447754,0.3803684115409851,-0.029788067564368248
1761338379840470500,9.646470458984375,-1.027113914489746,0.4482446610927582,0.235192209482193
1761338379850536700,9.65653662109375,-0.9453414678573608,0.4555538296699524,0.419125497341156
1761338379860601600,9.6666015625,-0.8983777165412903,0.42576664686203003,0.5351946353912354
1761338379870667500,9.67666748046875,-0.884852409362793,0.3733416199684143,0.5797062516212463
1761338379880733400,9.6867333984375,-0.8835280537605286,0.29467955231666565,0.5316780209541321
1761338379890798600,9.696798583984375,-0.8554394841194153,0.24625170230865479,0.4257955849170685
1761338379900864500,9.706864501953126,-0.9071008563041687,0.19528120756149292,0.27563539147377014
1761338379910929700,9.7169296875,-0.9869218468666077,0.18097135424613953,0.10021132230758667
1761338379920995600,9.72699560546875,-1.0567035675048828,0.1633409559726715,-0.08488290011882782
1761338379931061500,9.7370615234375,-1.124430775642395,0.1375712901353836,-0.2668478786945343
1761338379941126700,9.747126708984375,-1.2196747064590454,0.12556256353855133,-0.43093162775039673
1761338379951192600,9.757192626953126,-1.3165773153305054,0.1189616248011589,-0.5633813738822937
1761338379961257500,9.767257568359375,-1.3923535346984863,0.08417461067438126,-0.6488006711006165
1761338379971323400,9.777323486328125,-1.431852102279663,0.040494054555892944,-0.6843552589416504
1761338379981389600,9.7873896484375,-1.4415955543518066,0.002840952016413212,-0.6879199147224426
1761338379991454700,9.797454833984375,-1.4175971746444702,-0.03210626542568207,-0.6672343611717224
1761338380001520600,9.807520751953126,-1.3915977478027344,0.034226417541503906,-0.6064882278442383
1761338380011585500,9.81758544921875,-1.3090486526489258,0.12849047780036926,-0.498557448387146
1761338380021651500,9.8276513671875,-1.1869608163833618,0.21604377031326294,-0.40322986245155334
1761338380031716600,9.837716552734374,-1.1002334356307983,0.3221939206123352,-0.32382825016975403
1761338380041782500,9.847782470703125,-1.1134461164474487,0.5950289368629456,-0.09003627300262451
1761338380051848700,9.8578486328125,-1.2262277603149414,0.6331154704093933,-0.07568365335464478
1761338380061913600,9.86791357421875,-1.3133248090744019,0.5056541562080383,-0.18585436046123505
1761338380071979500,9.8779794921875,-1.3471649885177612,0.4469340741634369,-0.2536173164844513
1761338380082044700,9.888044677734374,-1.3818625211715698,0.4314970374107361,-0.2358124852180481
1761338380092110600,9.898110595703125,-1.4027305841445923,0.43397852778434753,-0.20217159390449524
1761338380102176800,9.9081767578125,-1.405367374420166,0.41889119148254395,-0.1586853712797165
1761338380112241400,9.918241455078125,-1.3879739046096802,0.4327531158924103,-0.10493414849042892
1761338380122307600,9.9283076171875,-1.348074197769165,0.4942217767238617,-0.013664156198501587
1761338380132372700,9.938372802734374,-1.3150461912155151,0.5858511924743652,0.1596624106168747
1761338380142438700,9.948438720703125,-1.3044474124908447,0.665371835231781,0.3737187683582306
